user_id,last_interaction,total_stored_value,days_since_last_use,status
USER_0935,2026-06-16 15:10:01.069027,3686.0,3,Healthy Idle
USER_0155,2026-06-03 15:10:01.044146,3562.0,16,At-Risk
USER_0890,2026-06-09 15:10:01.067584,3543.0,10,Healthy Idle
USER_0465,2026-06-07 15:10:01.054154,3510.0,12,Healthy Idle
USER_0399,2026-06-16 15:10:01.052121,3231.0,3,Healthy Idle
USER_0860,2026-06-11 15:10:01.066549,3168.0,8,Healthy Idle
USER_0833,2026-06-06 15:10:01.065773,3137.0,13,Healthy Idle
USER_0668,2026-06-11 15:10:01.060049,3100.0,8,Healthy Idle
USER_0304,2026-05-16 15:10:01.049552,3081.0,34,High-Risk Stagnant
USER_0707,2026-06-04 15:10:01.061523,3070.0,15,At-Risk
USER_0459,2026-06-13 15:10:01.054011,3032.0,6,Healthy Idle
USER_0224,2026-06-12 15:10:01.047004,3031.0,7,Healthy Idle
USER_0591,2026-06-11 15:10:01.057818,3028.0,8,Healthy Idle
USER_0074,2026-06-19 15:10:01.041486,3004.0,0,Healthy Idle
USER_0530,2026-06-17 15:10:01.056030,2970.0,2,Healthy Idle
USER_0766,2026-06-17 15:10:01.063674,2959.0,2,Healthy Idle
USER_0776,2026-06-07 15:10:01.064079,2944.0,12,Healthy Idle
USER_0962,2026-06-11 15:10:01.070003,2941.0,8,Healthy Idle
USER_0824,2026-06-11 15:10:01.065471,2921.0,8,Healthy Idle
USER_0576,2026-06-09 15:10:01.057354,2909.0,10,Healthy Idle
USER_0435,2026-06-15 15:10:01.053358,2893.0,4,Healthy Idle
USER_0538,2026-06-04 15:10:01.056340,2884.0,15,At-Risk
USER_0965,2026-06-17 15:10:01.070097,2882.0,2,Healthy Idle
USER_0991,2026-06-11 15:10:01.071032,2880.0,8,Healthy Idle
USER_0217,2026-06-17 15:10:01.046751,2875.0,2,Healthy Idle
USER_0788,2026-06-16 15:10:01.064404,2869.0,3,Healthy Idle
USER_0775,2026-06-09 15:10:01.064061,2866.0,10,Healthy Idle
USER_0167,2026-06-18 15:10:01.044753,2864.0,1,Healthy Idle
USER_0993,2026-06-13 15:10:01.071075,2863.0,6,Healthy Idle
USER_0863,2026-06-10 15:10:01.066703,2859.0,9,Healthy Idle
USER_0015,2026-06-19 15:10:01.039839,2853.0,0,Healthy Idle
USER_0127,2026-06-10 15:10:01.043208,2842.0,9,Healthy Idle
USER_0580,2026-06-09 15:10:01.057460,2841.0,10,Healthy Idle
USER_0792,2026-06-15 15:10:01.064492,2834.0,4,Healthy Idle
USER_0204,2026-06-07 15:10:01.046126,2832.0,12,Healthy Idle
USER_0848,2026-06-16 15:10:01.066247,2808.0,3,Healthy Idle
USER_0928,2026-06-19 15:10:01.068719,2801.0,0,Healthy Idle
USER_0738,2026-06-15 15:10:01.062809,2768.0,4,Healthy Idle
USER_0058,2026-06-13 15:10:01.041104,2758.0,6,Healthy Idle
USER_0180,2026-06-16 15:10:01.045203,2756.0,3,Healthy Idle
USER_0515,2026-06-19 15:10:01.055544,2756.0,0,Healthy Idle
USER_0838,2026-06-12 15:10:01.065946,2751.0,7,Healthy Idle
USER_0407,2026-06-16 15:10:01.052469,2742.0,3,Healthy Idle
USER_0723,2026-06-07 15:10:01.062194,2737.0,12,Healthy Idle
USER_0440,2026-06-11 15:10:01.053509,2735.0,8,Healthy Idle
USER_0132,2026-06-17 15:10:01.043337,2734.0,2,Healthy Idle
USER_0902,2026-06-18 15:10:01.067966,2729.0,1,Healthy Idle
USER_0982,2026-06-08 15:10:01.070736,2729.0,11,Healthy Idle
USER_0601,2026-06-14 15:10:01.058119,2727.0,5,Healthy Idle
USER_0185,2026-05-23 15:10:01.045465,2724.0,27,At-Risk
USER_0141,2026-06-10 15:10:01.043621,2713.0,9,Healthy Idle
USER_0617,2026-06-04 15:10:01.058565,2708.0,15,At-Risk
USER_0188,2026-05-31 15:10:01.045528,2703.0,19,At-Risk
USER_0243,2026-06-15 15:10:01.047479,2701.0,4,Healthy Idle
USER_0533,2026-06-16 15:10:01.056156,2700.0,3,Healthy Idle
USER_0464,2026-06-12 15:10:01.054118,2696.0,7,Healthy Idle
USER_0285,2026-06-17 15:10:01.048858,2694.0,2,Healthy Idle
USER_0430,2026-06-18 15:10:01.053142,2685.0,1,Healthy Idle
USER_0029,2026-06-12 15:10:01.040239,2675.0,7,Healthy Idle
USER_0453,2026-06-17 15:10:01.053882,2672.0,2,Healthy Idle
USER_0012,2026-06-17 15:10:01.039720,2671.0,2,Healthy Idle
USER_0286,2026-06-09 15:10:01.048907,2671.0,10,Healthy Idle
USER_0092,2026-06-16 15:10:01.042065,2659.0,3,Healthy Idle
USER_0650,2026-06-11 15:10:01.059504,2646.0,8,Healthy Idle
USER_0104,2026-06-18 15:10:01.042527,2634.0,1,Healthy Idle
USER_0010,2026-06-19 15:10:01.039631,2630.0,0,Healthy Idle
USER_0110,2026-06-18 15:10:01.042716,2629.0,1,Healthy Idle
USER_0249,2026-05-29 15:10:01.047704,2613.0,21,At-Risk
USER_0726,2026-06-01 15:10:01.062390,2612.0,18,At-Risk
USER_0949,2026-06-17 15:10:01.069524,2611.0,2,Healthy Idle
USER_0521,2026-06-19 15:10:01.055759,2600.0,0,Healthy Idle
USER_0786,2026-06-18 15:10:01.064301,2600.0,1,Healthy Idle
USER_0483,2026-06-18 15:10:01.054734,2591.0,1,Healthy Idle
USER_0853,2026-06-01 15:10:01.066423,2590.0,18,At-Risk
USER_0936,2026-06-06 15:10:01.069079,2585.0,13,Healthy Idle
USER_0209,2026-06-13 15:10:01.046521,2565.0,6,Healthy Idle
USER_0625,2026-04-26 15:10:01.058872,2553.0,54,High-Risk Stagnant
USER_0974,2026-06-17 15:10:01.070491,2553.0,2,Healthy Idle
USER_0025,2026-06-18 15:10:01.040119,2551.0,1,Healthy Idle
USER_0394,2026-06-15 15:10:01.051993,2543.0,4,Healthy Idle
USER_0009,2026-06-05 15:10:01.039612,2542.0,14,Healthy Idle
USER_0381,2026-06-17 15:10:01.051676,2536.0,2,Healthy Idle
USER_0689,2026-06-12 15:10:01.060696,2528.0,7,Healthy Idle
USER_0712,2026-06-19 15:10:01.061759,2524.0,0,Healthy Idle
USER_0049,2026-06-18 15:10:01.040792,2517.0,1,Healthy Idle
USER_0957,2026-05-28 15:10:01.069812,2515.0,22,At-Risk
USER_0937,2026-06-17 15:10:01.069120,2509.0,2,Healthy Idle
USER_0874,2026-06-12 15:10:01.067016,2494.0,7,Healthy Idle
USER_0956,2026-06-19 15:10:01.069752,2493.0,0,Healthy Idle
USER_0418,2026-05-31 15:10:01.052804,2486.0,19,At-Risk
USER_0135,2026-06-13 15:10:01.043466,2480.0,6,Healthy Idle
USER_0735,2026-06-06 15:10:01.062733,2469.0,13,Healthy Idle
USER_0575,2026-05-25 15:10:01.057310,2464.0,25,At-Risk
USER_0367,2026-06-07 15:10:01.051136,2458.0,12,Healthy Idle
USER_0373,2026-05-26 15:10:01.051307,2455.0,24,At-Risk
USER_0052,2026-06-13 15:10:01.040884,2451.0,6,Healthy Idle
USER_0881,2026-06-09 15:10:01.067260,2449.0,10,Healthy Idle
USER_0142,2026-06-08 15:10:01.043691,2431.0,11,Healthy Idle
USER_0039,2026-06-12 15:10:01.040471,2421.0,7,Healthy Idle
USER_0950,2026-06-11 15:10:01.069556,2421.0,8,Healthy Idle
USER_0358,2026-06-16 15:10:01.050869,2416.0,3,Healthy Idle
USER_0616,2026-06-19 15:10:01.058538,2415.0,0,Healthy Idle
USER_0115,2026-06-19 15:10:01.042817,2413.0,0,Healthy Idle
USER_0932,2026-06-03 15:10:01.068889,2410.0,16,At-Risk
USER_0281,2026-06-18 15:10:01.048756,2409.0,1,Healthy Idle
USER_0520,2026-05-21 15:10:01.055695,2409.0,29,At-Risk
USER_0628,2026-05-27 15:10:01.058970,2408.0,23,At-Risk
USER_0677,2026-06-14 15:10:01.060250,2404.0,5,Healthy Idle
USER_0055,2026-06-11 15:10:01.041002,2401.0,8,Healthy Idle
USER_0495,2026-06-18 15:10:01.055099,2393.0,1,Healthy Idle
USER_0280,2026-06-12 15:10:01.048709,2392.0,7,Healthy Idle
USER_0320,2026-05-28 15:10:01.049990,2391.0,22,At-Risk
USER_0259,2026-06-03 15:10:01.048110,2387.0,16,At-Risk
USER_0343,2026-06-16 15:10:01.050465,2372.0,3,Healthy Idle
USER_0119,2026-06-04 15:10:01.042971,2368.0,15,At-Risk
USER_0769,2026-06-11 15:10:01.063767,2365.0,8,Healthy Idle
USER_0930,2026-06-19 15:10:01.068781,2363.0,0,Healthy Idle
USER_0846,2026-06-02 15:10:01.066180,2361.0,17,At-Risk
USER_0927,2026-06-12 15:10:01.068680,2359.0,7,Healthy Idle
USER_0875,2026-06-14 15:10:01.067066,2353.0,5,Healthy Idle
USER_0246,2026-06-02 15:10:01.047597,2351.0,17,At-Risk
USER_0647,2026-06-07 15:10:01.059413,2351.0,12,Healthy Idle
USER_0100,2026-06-06 15:10:01.042365,2349.0,13,Healthy Idle
USER_0480,2026-06-09 15:10:01.054612,2346.0,10,Healthy Idle
USER_0745,2026-06-18 15:10:01.063101,2344.0,1,Healthy Idle
USER_0248,2026-06-13 15:10:01.047686,2342.0,6,Healthy Idle
USER_0817,2026-06-17 15:10:01.065218,2342.0,2,Healthy Idle
USER_0678,2026-06-18 15:10:01.060305,2341.0,1,Healthy Idle
USER_0688,2026-06-18 15:10:01.060666,2340.0,1,Healthy Idle
USER_0306,2026-06-03 15:10:01.049627,2337.0,16,At-Risk
USER_0820,2026-06-18 15:10:01.065297,2333.0,1,Healthy Idle
USER_0907,2026-05-13 15:10:01.068149,2333.0,37,High-Risk Stagnant
USER_0244,2026-06-18 15:10:01.047556,2326.0,1,Healthy Idle
USER_0296,2026-06-06 15:10:01.049279,2326.0,13,Healthy Idle
USER_0517,2026-06-15 15:10:01.055601,2323.0,4,Healthy Idle
USER_0388,2026-06-12 15:10:01.051811,2322.0,7,Healthy Idle
USER_0191,2026-06-01 15:10:01.045681,2319.0,18,At-Risk
USER_0488,2026-06-14 15:10:01.054892,2316.0,5,Healthy Idle
USER_0830,2026-06-08 15:10:01.065692,2303.0,11,Healthy Idle
USER_0595,2026-06-06 15:10:01.057921,2298.0,13,Healthy Idle
USER_0194,2026-06-16 15:10:01.045742,2294.0,3,Healthy Idle
USER_0654,2026-06-19 15:10:01.059641,2294.0,0,Healthy Idle
USER_0892,2026-06-17 15:10:01.067701,2290.0,2,Healthy Idle
USER_0042,2026-06-19 15:10:01.040640,2289.0,0,Healthy Idle
USER_0657,2026-06-13 15:10:01.059704,2289.0,6,Healthy Idle
USER_0086,2026-06-19 15:10:01.041878,2285.0,0,Healthy Idle
USER_0969,2026-06-18 15:10:01.070276,2285.0,1,Healthy Idle
USER_0478,2026-06-13 15:10:01.054527,2266.0,6,Healthy Idle
USER_0377,2026-06-16 15:10:01.051469,2262.0,3,Healthy Idle
USER_0782,2026-05-15 15:10:01.064213,2248.0,35,High-Risk Stagnant
USER_0472,2026-06-15 15:10:01.054344,2247.0,4,Healthy Idle
USER_0934,2026-05-23 15:10:01.068962,2247.0,27,At-Risk
USER_0708,2026-06-11 15:10:01.061563,2240.0,8,Healthy Idle
USER_0821,2026-06-19 15:10:01.065357,2239.0,0,Healthy Idle
USER_0359,2026-06-12 15:10:01.050876,2229.0,7,Healthy Idle
USER_0356,2026-06-12 15:10:01.050756,2228.0,7,Healthy Idle
USER_0903,2026-06-09 15:10:01.068047,2228.0,10,Healthy Idle
USER_0105,2026-06-09 15:10:01.042551,2223.0,10,Healthy Idle
USER_0879,2026-06-17 15:10:01.067219,2219.0,2,Healthy Idle
USER_0207,2026-06-02 15:10:01.046262,2218.0,17,At-Risk
USER_0401,2026-05-26 15:10:01.052237,2211.0,24,At-Risk
USER_0946,2026-06-05 15:10:01.069347,2206.0,14,Healthy Idle
USER_0205,2026-06-07 15:10:01.046189,2202.0,12,Healthy Idle
USER_0815,2026-06-18 15:10:01.065124,2201.0,1,Healthy Idle
USER_0722,2026-06-12 15:10:01.062097,2197.0,7,Healthy Idle
USER_0189,2026-06-15 15:10:01.045611,2189.0,4,Healthy Idle
USER_0133,2026-06-12 15:10:01.043387,2187.0,7,Healthy Idle
USER_0378,2026-06-10 15:10:01.051529,2180.0,9,Healthy Idle
USER_0199,2026-06-05 15:10:01.045927,2179.0,14,Healthy Idle
USER_0526,2026-06-14 15:10:01.055892,2178.0,5,Healthy Idle
USER_0139,2026-06-16 15:10:01.043544,2164.0,3,Healthy Idle
USER_0910,2026-06-19 15:10:01.068218,2161.0,0,Healthy Idle
USER_0733,2026-06-02 15:10:01.062657,2157.0,17,At-Risk
USER_0973,2026-06-16 15:10:01.070455,2157.0,3,Healthy Idle
USER_0729,2026-06-08 15:10:01.062541,2150.0,11,Healthy Idle
USER_0216,2026-06-12 15:10:01.046688,2142.0,7,Healthy Idle
USER_0866,2026-05-27 15:10:01.066842,2141.0,23,At-Risk
USER_0362,2026-06-01 15:10:01.050963,2138.0,18,At-Risk
USER_0577,2026-05-09 15:10:01.057371,2134.0,41,High-Risk Stagnant
USER_0512,2026-06-16 15:10:01.055419,2132.0,3,Healthy Idle
USER_0108,2026-06-19 15:10:01.042659,2130.0,0,Healthy Idle
USER_0611,2026-06-02 15:10:01.058393,2128.0,17,At-Risk
USER_0608,2026-06-01 15:10:01.058273,2127.0,18,At-Risk
USER_0289,2026-06-09 15:10:01.049007,2125.0,10,Healthy Idle
USER_0694,2026-05-25 15:10:01.061045,2121.0,25,At-Risk
USER_0198,2026-06-08 15:10:01.045873,2119.0,11,Healthy Idle
USER_0834,2026-06-02 15:10:01.065838,2116.0,17,At-Risk
USER_0887,2026-06-12 15:10:01.067498,2116.0,7,Healthy Idle
USER_0468,2026-06-09 15:10:01.054277,2112.0,10,Healthy Idle
USER_0988,2026-06-13 15:10:01.070909,2109.0,6,Healthy Idle
USER_0528,2026-06-07 15:10:01.055977,2107.0,12,Healthy Idle
USER_0447,2026-06-17 15:10:01.053681,2103.0,2,Healthy Idle
USER_0568,2026-06-03 15:10:01.057107,2100.0,16,At-Risk
USER_0182,2026-06-18 15:10:01.045337,2098.0,1,Healthy Idle
USER_0961,2026-05-31 15:10:01.069941,2095.0,19,At-Risk
USER_0963,2026-05-29 15:10:01.070037,2089.0,21,At-Risk
USER_0439,2026-06-10 15:10:01.053459,2079.0,9,Healthy Idle
USER_0024,2026-06-19 15:10:01.040080,2073.0,0,Healthy Idle
USER_0044,2026-05-25 15:10:01.040676,2070.0,25,At-Risk
USER_0117,2026-06-17 15:10:01.042891,2067.0,2,Healthy Idle
USER_0406,2026-05-19 15:10:01.052438,2065.0,31,High-Risk Stagnant
USER_0479,2026-06-08 15:10:01.054593,2057.0,11,Healthy Idle
USER_0445,2026-06-17 15:10:01.053612,2054.0,2,Healthy Idle
USER_0140,2026-06-07 15:10:01.043585,2051.0,12,Healthy Idle
USER_0428,2026-06-14 15:10:01.053109,2051.0,5,Healthy Idle
USER_0570,2026-06-19 15:10:01.057169,2045.0,0,Healthy Idle
USER_0270,2026-06-06 15:10:01.048392,2041.0,13,Healthy Idle
USER_0632,2026-05-18 15:10:01.059081,2035.0,32,High-Risk Stagnant
USER_0715,2026-05-24 15:10:01.061880,2035.0,26,At-Risk
USER_0810,2026-06-01 15:10:01.065013,2033.0,18,At-Risk
USER_0431,2026-06-19 15:10:01.053217,2031.0,0,Healthy Idle
USER_0089,2026-06-03 15:10:01.041978,2029.0,16,At-Risk
USER_0562,2026-06-10 15:10:01.056951,2029.0,9,Healthy Idle
USER_0585,2026-06-19 15:10:01.057581,2029.0,0,Healthy Idle
USER_0699,2026-06-01 15:10:01.061212,2023.0,18,At-Risk
USER_0578,2026-06-09 15:10:01.057399,2020.0,10,Healthy Idle
USER_0146,2026-06-17 15:10:01.043819,2018.0,2,Healthy Idle
USER_0302,2026-06-19 15:10:01.049495,2017.0,0,Healthy Idle
USER_0374,2026-06-14 15:10:01.051357,2016.0,5,Healthy Idle
USER_0409,2026-06-04 15:10:01.052566,2016.0,15,At-Risk
USER_0794,2026-06-11 15:10:01.064575,2015.0,8,Healthy Idle
USER_0400,2026-06-17 15:10:01.052192,2014.0,2,Healthy Idle
USER_0798,2026-05-31 15:10:01.064727,2012.0,19,At-Risk
USER_0315,2026-06-17 15:10:01.049857,2010.0,2,Healthy Idle
USER_0623,2026-05-22 15:10:01.058778,2010.0,28,At-Risk
USER_0569,2026-06-15 15:10:01.057139,2003.0,4,Healthy Idle
USER_0743,2026-06-16 15:10:01.063029,1998.0,3,Healthy Idle
USER_0369,2026-06-07 15:10:01.051222,1990.0,12,Healthy Idle
USER_0872,2026-06-12 15:10:01.066988,1990.0,7,Healthy Idle
USER_0016,2026-06-18 15:10:01.039922,1980.0,1,Healthy Idle
USER_0062,2026-06-17 15:10:01.041224,1980.0,2,Healthy Idle
USER_0168,2026-06-09 15:10:01.044816,1980.0,10,Healthy Idle
USER_0855,2026-06-17 15:10:01.066448,1977.0,2,Healthy Idle
USER_0550,2026-05-20 15:10:01.056669,1968.0,30,At-Risk
USER_0807,2026-06-14 15:10:01.064926,1968.0,5,Healthy Idle
USER_0767,2026-06-12 15:10:01.063720,1958.0,7,Healthy Idle
USER_0915,2026-06-16 15:10:01.068382,1949.0,3,Healthy Idle
USER_0116,2026-06-19 15:10:01.042880,1948.0,0,Healthy Idle
USER_0181,2026-06-08 15:10:01.045264,1946.0,11,Healthy Idle
USER_0426,2026-05-11 15:10:01.053037,1944.0,39,High-Risk Stagnant
USER_0804,2026-06-04 15:10:01.064852,1942.0,15,At-Risk
USER_0912,2026-06-19 15:10:01.068312,1934.0,0,Healthy Idle
USER_0328,2026-06-14 15:10:01.050149,1931.0,5,Healthy Idle
USER_0237,2026-06-19 15:10:01.047333,1925.0,0,Healthy Idle
USER_0212,2026-06-18 15:10:01.046616,1924.0,1,Healthy Idle
USER_0964,2026-06-11 15:10:01.070084,1920.0,8,Healthy Idle
USER_0118,2026-06-12 15:10:01.042950,1917.0,7,Healthy Idle
USER_0847,2026-05-28 15:10:01.066198,1917.0,22,At-Risk
USER_0918,2026-06-14 15:10:01.068474,1914.0,5,Healthy Idle
USER_0175,2026-06-17 15:10:01.045019,1913.0,2,Healthy Idle
USER_0858,2026-06-14 15:10:01.066513,1913.0,5,Healthy Idle
USER_0310,2026-05-26 15:10:01.049723,1912.0,24,At-Risk
USER_0845,2026-05-24 15:10:01.066141,1909.0,26,At-Risk
USER_0085,2026-06-15 15:10:01.041812,1904.0,4,Healthy Idle
USER_0129,2026-05-31 15:10:01.043293,1903.0,19,At-Risk
USER_0724,2026-06-19 15:10:01.062246,1903.0,0,Healthy Idle
USER_0717,2026-05-23 15:10:01.061941,1902.0,27,At-Risk
USER_0983,2026-06-19 15:10:01.070754,1900.0,0,Healthy Idle
USER_0475,2026-06-07 15:10:01.054446,1899.0,12,Healthy Idle
USER_0640,2026-06-12 15:10:01.059223,1899.0,7,Healthy Idle
USER_0489,2026-06-17 15:10:01.054940,1893.0,2,Healthy Idle
USER_0153,2026-06-13 15:10:01.044060,1889.0,6,Healthy Idle
USER_0279,2026-06-17 15:10:01.048660,1888.0,2,Healthy Idle
USER_0415,2026-05-23 15:10:01.052721,1884.0,27,At-Risk
USER_0649,2026-06-13 15:10:01.059473,1881.0,6,Healthy Idle
USER_0732,2026-06-19 15:10:01.062625,1875.0,0,Healthy Idle
USER_0222,2026-06-18 15:10:01.046936,1870.0,1,Healthy Idle
USER_0977,2026-06-19 15:10:01.070607,1870.0,0,Healthy Idle
USER_0502,2026-06-09 15:10:01.055226,1868.0,10,Healthy Idle
USER_0165,2026-06-08 15:10:01.044569,1862.0,11,Healthy Idle
USER_0159,2026-06-06 15:10:01.044329,1856.0,13,Healthy Idle
USER_0003,2026-06-05 15:10:01.039418,1852.0,14,Healthy Idle
USER_0536,2026-06-10 15:10:01.056278,1847.0,9,Healthy Idle
USER_0692,2026-06-03 15:10:01.060886,1847.0,16,At-Risk
USER_0764,2026-06-18 15:10:01.063581,1847.0,1,Healthy Idle
USER_0045,2026-06-04 15:10:01.040715,1846.0,15,At-Risk
USER_0466,2026-05-27 15:10:01.054195,1844.0,23,At-Risk
USER_0346,2026-05-30 15:10:01.050551,1841.0,20,At-Risk
USER_0666,2026-06-07 15:10:01.059983,1833.0,12,Healthy Idle
USER_0176,2026-05-19 15:10:01.045077,1830.0,31,High-Risk Stagnant
USER_0143,2026-05-31 15:10:01.043740,1828.0,19,At-Risk
USER_0685,2026-06-10 15:10:01.060540,1828.0,9,Healthy Idle
USER_0255,2026-06-16 15:10:01.047947,1826.0,3,Healthy Idle
USER_0264,2026-05-27 15:10:01.048239,1825.0,23,At-Risk
USER_0822,2026-06-17 15:10:01.065407,1825.0,2,Healthy Idle
USER_0183,2026-06-19 15:10:01.045410,1824.0,0,Healthy Idle
USER_0096,2026-06-17 15:10:01.042201,1823.0,2,Healthy Idle
USER_0940,2026-06-06 15:10:01.069251,1816.0,13,Healthy Idle
USER_0508,2026-05-23 15:10:01.055326,1814.0,27,At-Risk
USER_0303,2026-06-14 15:10:01.049524,1811.0,5,Healthy Idle
USER_0560,2026-06-10 15:10:01.056885,1810.0,9,Healthy Idle
USER_0972,2026-06-03 15:10:01.070414,1808.0,16,At-Risk
USER_0101,2026-06-14 15:10:01.042419,1807.0,5,Healthy Idle
USER_0886,2026-06-05 15:10:01.067454,1807.0,14,Healthy Idle
USER_0622,2026-06-09 15:10:01.058716,1806.0,10,Healthy Idle
USER_0899,2026-06-08 15:10:01.067911,1805.0,11,Healthy Idle
USER_0234,2026-06-15 15:10:01.047225,1804.0,4,Healthy Idle
USER_0527,2026-06-05 15:10:01.055922,1803.0,14,Healthy Idle
USER_0948,2026-06-17 15:10:01.069453,1801.0,2,Healthy Idle
USER_0068,2026-06-12 15:10:01.041362,1797.0,7,Healthy Idle
USER_0651,2026-05-27 15:10:01.059544,1794.0,23,At-Risk
USER_0870,2026-06-07 15:10:01.066919,1794.0,12,Healthy Idle
USER_0098,2026-05-17 15:10:01.042286,1792.0,33,High-Risk Stagnant
USER_0413,2026-06-07 15:10:01.052650,1792.0,12,Healthy Idle
USER_0219,2026-06-06 15:10:01.046808,1791.0,13,Healthy Idle
USER_0539,2026-06-18 15:10:01.056376,1791.0,1,Healthy Idle
USER_0000,2026-06-05 15:10:01.039319,1788.0,14,Healthy Idle
USER_0172,2026-06-14 15:10:01.044961,1783.0,5,Healthy Idle
USER_0128,2026-06-18 15:10:01.043229,1776.0,1,Healthy Idle
USER_0230,2026-06-16 15:10:01.047133,1770.0,3,Healthy Idle
USER_0589,2026-06-19 15:10:01.057757,1768.0,0,Healthy Idle
USER_0218,2026-06-04 15:10:01.046801,1767.0,15,At-Risk
USER_0826,2026-06-06 15:10:01.065556,1761.0,13,Healthy Idle
USER_0876,2026-06-15 15:10:01.067133,1758.0,4,Healthy Idle
USER_0365,2026-06-09 15:10:01.051060,1757.0,10,Healthy Idle
USER_0970,2026-06-19 15:10:01.070305,1749.0,0,Healthy Idle
USER_0122,2026-06-11 15:10:01.043060,1745.0,8,Healthy Idle
USER_0971,2026-06-10 15:10:01.070347,1745.0,9,Healthy Idle
USER_0402,2026-06-11 15:10:01.052298,1739.0,8,Healthy Idle
USER_0755,2026-06-15 15:10:01.063325,1733.0,4,Healthy Idle
USER_0750,2026-05-17 15:10:01.063214,1732.0,33,High-Risk Stagnant
USER_0148,2026-06-15 15:10:01.043896,1724.0,4,Healthy Idle
USER_0661,2026-05-24 15:10:01.059804,1718.0,26,At-Risk
USER_0292,2026-06-06 15:10:01.049110,1716.0,13,Healthy Idle
USER_0291,2026-06-19 15:10:01.049056,1714.0,0,Healthy Idle
USER_0082,2026-06-16 15:10:01.041680,1706.0,3,Healthy Idle
USER_0295,2026-06-06 15:10:01.049191,1704.0,13,Healthy Idle
USER_0298,2026-06-09 15:10:01.049338,1704.0,10,Healthy Idle
USER_0396,2026-06-15 15:10:01.052050,1699.0,4,Healthy Idle
USER_0704,2026-06-07 15:10:01.061436,1696.0,12,Healthy Idle
USER_0345,2026-05-29 15:10:01.050528,1694.0,21,At-Risk
USER_0473,2026-06-16 15:10:01.054377,1693.0,3,Healthy Idle
USER_0099,2026-06-15 15:10:01.042330,1692.0,4,Healthy Idle
USER_0487,2026-06-04 15:10:01.054866,1685.0,15,At-Risk
USER_0725,2026-06-17 15:10:01.062323,1684.0,2,Healthy Idle
USER_0531,2026-06-02 15:10:01.056071,1680.0,17,At-Risk
USER_0301,2026-06-16 15:10:01.049450,1675.0,3,Healthy Idle
USER_0796,2026-06-07 15:10:01.064644,1674.0,12,Healthy Idle
USER_0865,2026-06-13 15:10:01.066787,1674.0,6,Healthy Idle
USER_0498,2026-06-05 15:10:01.055139,1673.0,14,Healthy Idle
USER_0989,2026-06-03 15:10:01.070940,1667.0,16,At-Risk
USER_0878,2026-05-18 15:10:01.067180,1664.0,32,High-Risk Stagnant
USER_0897,2026-04-24 15:10:01.067799,1657.0,56,High-Risk Stagnant
USER_0372,2026-06-17 15:10:01.051284,1648.0,2,Healthy Idle
USER_0665,2026-05-23 15:10:01.059957,1648.0,27,At-Risk
USER_0552,2026-06-09 15:10:01.056719,1639.0,10,Healthy Idle
USER_0030,2026-06-12 15:10:01.040281,1632.0,7,Healthy Idle
USER_0607,2026-06-06 15:10:01.058242,1631.0,13,Healthy Idle
USER_0691,2026-06-11 15:10:01.060765,1631.0,8,Healthy Idle
USER_0254,2026-06-16 15:10:01.047913,1628.0,3,Healthy Idle
USER_0524,2026-06-14 15:10:01.055824,1628.0,5,Healthy Idle
USER_0169,2026-06-09 15:10:01.044835,1626.0,10,Healthy Idle
USER_0525,2026-06-14 15:10:01.055861,1626.0,5,Healthy Idle
USER_0266,2026-06-10 15:10:01.048305,1620.0,9,Healthy Idle
USER_0643,2026-06-04 15:10:01.059305,1620.0,15,At-Risk
USER_0765,2026-06-10 15:10:01.063594,1619.0,9,Healthy Idle
USER_0271,2026-06-08 15:10:01.048443,1618.0,11,Healthy Idle
USER_0210,2026-06-01 15:10:01.046559,1616.0,18,At-Risk
USER_0947,2026-06-15 15:10:01.069419,1611.0,4,Healthy Idle
USER_0549,2026-06-11 15:10:01.056644,1608.0,8,Healthy Idle
USER_0242,2026-06-13 15:10:01.047466,1607.0,6,Healthy Idle
USER_0931,2026-05-31 15:10:01.068838,1605.0,19,At-Risk
USER_0975,2026-06-19 15:10:01.070558,1605.0,0,Healthy Idle
USER_0571,2026-06-19 15:10:01.057221,1604.0,0,Healthy Idle
USER_0679,2026-06-18 15:10:01.060365,1604.0,1,Healthy Idle
USER_0587,2026-06-02 15:10:01.057680,1599.0,17,At-Risk
USER_0619,2026-06-10 15:10:01.058620,1599.0,9,Healthy Idle
USER_0019,2026-06-19 15:10:01.039956,1598.0,0,Healthy Idle
USER_0321,2026-05-18 15:10:01.050008,1597.0,32,High-Risk Stagnant
USER_0414,2026-06-14 15:10:01.052714,1597.0,5,Healthy Idle
USER_0355,2026-06-04 15:10:01.050726,1593.0,15,At-Risk
USER_0368,2026-06-13 15:10:01.051181,1589.0,6,Healthy Idle
USER_0869,2026-06-08 15:10:01.066880,1588.0,11,Healthy Idle
USER_0613,2026-06-13 15:10:01.058435,1584.0,6,Healthy Idle
USER_0384,2026-05-10 15:10:01.051715,1577.0,40,High-Risk Stagnant
USER_0709,2026-06-05 15:10:01.061640,1574.0,14,Healthy Idle
USER_0641,2026-06-18 15:10:01.059277,1571.0,1,Healthy Idle
USER_0567,2026-06-15 15:10:01.057081,1568.0,4,Healthy Idle
USER_0434,2026-06-15 15:10:01.053313,1563.0,4,Healthy Idle
USER_0557,2026-06-10 15:10:01.056818,1559.0,9,Healthy Idle
USER_0914,2026-05-31 15:10:01.068359,1559.0,19,At-Risk
USER_0534,2026-06-17 15:10:01.056196,1558.0,2,Healthy Idle
USER_0240,2026-06-12 15:10:01.047413,1555.0,7,Healthy Idle
USER_0626,2026-06-13 15:10:01.058890,1555.0,6,Healthy Idle
USER_0041,2026-06-07 15:10:01.040583,1550.0,12,Healthy Idle
USER_0040,2026-06-12 15:10:01.040555,1549.0,7,Healthy Idle
USER_0192,2026-05-03 15:10:01.045694,1535.0,47,High-Risk Stagnant
USER_0284,2026-06-16 15:10:01.048841,1535.0,3,Healthy Idle
USER_0652,2026-05-29 15:10:01.059575,1535.0,21,At-Risk
USER_0710,2026-06-16 15:10:01.061668,1532.0,3,Healthy Idle
USER_0069,2026-06-14 15:10:01.041412,1531.0,5,Healthy Idle
USER_0361,2026-05-13 15:10:01.050923,1530.0,37,High-Risk Stagnant
USER_0770,2026-05-20 15:10:01.063821,1528.0,30,At-Risk
USER_0554,2026-06-01 15:10:01.056764,1518.0,18,At-Risk
USER_0403,2026-06-05 15:10:01.052348,1515.0,14,Healthy Idle
USER_0758,2026-06-13 15:10:01.063423,1514.0,6,Healthy Idle
USER_0978,2026-05-19 15:10:01.070651,1514.0,31,High-Risk Stagnant
USER_0300,2026-06-01 15:10:01.049421,1513.0,18,At-Risk
USER_0385,2026-06-14 15:10:01.051774,1512.0,5,Healthy Idle
USER_0278,2026-06-06 15:10:01.048631,1511.0,13,Healthy Idle
USER_0251,2026-06-15 15:10:01.047812,1509.0,4,Healthy Idle
USER_0316,2026-06-18 15:10:01.049870,1508.0,1,Healthy Idle
USER_0050,2026-06-08 15:10:01.040832,1506.0,11,Healthy Idle
USER_0079,2026-05-04 15:10:01.041604,1505.0,46,High-Risk Stagnant
USER_0293,2026-06-14 15:10:01.049139,1502.0,5,Healthy Idle
USER_0093,2026-06-17 15:10:01.042078,1500.0,2,Healthy Idle
USER_0998,2026-06-17 15:10:01.071167,1498.0,2,Healthy Idle
USER_0425,2026-06-03 15:10:01.052991,1496.0,16,At-Risk
USER_0662,2026-06-19 15:10:01.059887,1496.0,0,Healthy Idle
USER_0123,2026-06-11 15:10:01.043100,1494.0,8,Healthy Idle
USER_0261,2026-06-11 15:10:01.048141,1494.0,8,Healthy Idle
USER_0728,2026-06-16 15:10:01.062485,1493.0,3,Healthy Idle
USER_0166,2026-05-05 15:10:01.044605,1491.0,45,High-Risk Stagnant
USER_0891,2026-06-18 15:10:01.067641,1491.0,1,Healthy Idle
USER_0484,2026-06-11 15:10:01.054785,1490.0,8,Healthy Idle
USER_0645,2026-06-19 15:10:01.059362,1490.0,0,Healthy Idle
USER_0852,2026-06-11 15:10:01.066363,1486.0,8,Healthy Idle
USER_0898,2026-05-28 15:10:01.067833,1484.0,22,At-Risk
USER_0233,2026-06-18 15:10:01.047197,1481.0,1,Healthy Idle
USER_0443,2026-06-07 15:10:01.053579,1481.0,12,Healthy Idle
USER_0481,2026-06-10 15:10:01.054691,1481.0,9,Healthy Idle
USER_0490,2026-06-10 15:10:01.054971,1476.0,9,Healthy Idle
USER_0944,2026-05-18 15:10:01.069321,1474.0,32,High-Risk Stagnant
USER_0673,2026-06-17 15:10:01.060166,1472.0,2,Healthy Idle
USER_0455,2026-06-04 15:10:01.053917,1471.0,15,At-Risk
USER_0376,2026-06-16 15:10:01.051435,1468.0,3,Healthy Idle
USER_0424,2026-06-05 15:10:01.052975,1468.0,14,Healthy Idle
USER_0746,2026-05-29 15:10:01.063119,1468.0,21,At-Risk
USER_0547,2026-06-01 15:10:01.056587,1465.0,18,At-Risk
USER_0968,2026-06-07 15:10:01.070210,1465.0,12,Healthy Idle
USER_0097,2026-06-18 15:10:01.042224,1462.0,1,Healthy Idle
USER_0693,2026-05-09 15:10:01.061008,1461.0,41,High-Risk Stagnant
USER_0083,2026-05-28 15:10:01.041730,1459.0,22,At-Risk
USER_0294,2026-05-26 15:10:01.049183,1459.0,24,At-Risk
USER_0566,2026-06-08 15:10:01.057040,1459.0,11,Healthy Idle
USER_0605,2026-05-31 15:10:01.058199,1458.0,19,At-Risk
USER_0113,2026-05-29 15:10:01.042773,1456.0,21,At-Risk
USER_0883,2026-06-19 15:10:01.067348,1455.0,0,Healthy Idle
USER_0004,2026-06-11 15:10:01.039473,1454.0,8,Healthy Idle
USER_0491,2026-05-10 15:10:01.055005,1454.0,40,High-Risk Stagnant
USER_0256,2026-06-16 15:10:01.048016,1453.0,3,Healthy Idle
USER_0038,2026-05-27 15:10:01.040448,1448.0,23,At-Risk
USER_0404,2026-05-28 15:10:01.052360,1448.0,22,At-Risk
USER_0958,2026-05-19 15:10:01.069841,1444.0,31,High-Risk Stagnant
USER_0405,2026-06-17 15:10:01.052400,1442.0,2,Healthy Idle
USER_0986,2026-06-03 15:10:01.070866,1439.0,16,At-Risk
USER_0253,2026-06-07 15:10:01.047853,1438.0,12,Healthy Idle
USER_0028,2026-06-02 15:10:01.040200,1437.0,17,At-Risk
USER_0154,2026-06-18 15:10:01.044099,1436.0,1,Healthy Idle
USER_0463,2026-06-15 15:10:01.054078,1434.0,4,Healthy Idle
USER_0711,2026-06-02 15:10:01.061704,1434.0,17,At-Risk
USER_0450,2026-06-18 15:10:01.053793,1433.0,1,Healthy Idle
USER_0265,2026-05-27 15:10:01.048270,1432.0,23,At-Risk
USER_0297,2026-06-12 15:10:01.049302,1428.0,7,Healthy Idle
USER_0537,2026-05-30 15:10:01.056291,1427.0,20,At-Risk
USER_0519,2026-06-18 15:10:01.055681,1424.0,1,Healthy Idle
USER_0197,2026-06-11 15:10:01.045843,1416.0,8,Healthy Idle
USER_0727,2026-06-13 15:10:01.062398,1416.0,6,Healthy Idle
USER_0503,2026-06-14 15:10:01.055260,1412.0,5,Healthy Idle
USER_0432,2026-05-30 15:10:01.053233,1411.0,20,At-Risk
USER_0391,2026-06-19 15:10:01.051909,1410.0,0,Healthy Idle
USER_0596,2026-06-05 15:10:01.057971,1408.0,14,Healthy Idle
USER_0864,2026-06-19 15:10:01.066753,1407.0,0,Healthy Idle
USER_0460,2026-05-28 15:10:01.054028,1404.0,22,At-Risk
USER_0808,2026-06-11 15:10:01.064965,1398.0,8,Healthy Idle
USER_0195,2026-06-05 15:10:01.045793,1397.0,14,Healthy Idle
USER_0610,2026-06-04 15:10:01.058329,1393.0,15,At-Risk
USER_0476,2026-06-12 15:10:01.054489,1383.0,7,Healthy Idle
USER_0827,2026-06-06 15:10:01.065584,1379.0,13,Healthy Idle
USER_0170,2026-06-18 15:10:01.044893,1371.0,1,Healthy Idle
USER_0768,2026-05-31 15:10:01.063754,1368.0,19,At-Risk
USER_0630,2026-06-19 15:10:01.059028,1362.0,0,Healthy Idle
USER_0599,2026-06-11 15:10:01.058034,1360.0,8,Healthy Idle
USER_0452,2026-06-12 15:10:01.053822,1352.0,7,Healthy Idle
USER_0773,2026-06-19 15:10:01.063978,1352.0,0,Healthy Idle
USER_0762,2026-05-23 15:10:01.063535,1351.0,27,At-Risk
USER_0114,2026-05-02 15:10:01.042794,1347.0,48,High-Risk Stagnant
USER_0053,2026-05-27 15:10:01.040939,1346.0,23,At-Risk
USER_0748,2026-06-08 15:10:01.063166,1346.0,11,Healthy Idle
USER_0759,2026-06-01 15:10:01.063453,1344.0,18,At-Risk
USER_0600,2026-06-10 15:10:01.058071,1343.0,9,Healthy Idle
USER_0013,2026-06-16 15:10:01.039765,1335.0,3,Healthy Idle
USER_0774,2026-06-17 15:10:01.063986,1335.0,2,Healthy Idle
USER_0226,2026-06-14 15:10:01.047038,1334.0,5,Healthy Idle
USER_0008,2026-06-06 15:10:01.039552,1332.0,13,Healthy Idle
USER_0799,2026-05-25 15:10:01.064761,1331.0,25,At-Risk
USER_0084,2026-06-16 15:10:01.041755,1330.0,3,Healthy Idle
USER_0220,2026-06-14 15:10:01.046858,1329.0,5,Healthy Idle
USER_0340,2026-06-15 15:10:01.050383,1328.0,4,Healthy Idle
USER_0620,2026-06-16 15:10:01.058660,1327.0,3,Healthy Idle
USER_0546,2026-06-01 15:10:01.056556,1326.0,18,At-Risk
USER_0664,2026-05-09 15:10:01.059930,1325.0,41,High-Risk Stagnant
USER_0305,2026-06-11 15:10:01.049614,1324.0,8,Healthy Idle
USER_0422,2026-05-30 15:10:01.052884,1319.0,20,At-Risk
USER_0829,2026-06-03 15:10:01.065638,1319.0,16,At-Risk
USER_0470,2026-06-16 15:10:01.054306,1317.0,3,Healthy Idle
USER_0697,2026-06-02 15:10:01.061150,1317.0,17,At-Risk
USER_0164,2026-06-17 15:10:01.044533,1316.0,2,Healthy Idle
USER_0516,2026-05-13 15:10:01.055579,1315.0,37,High-Risk Stagnant
USER_0277,2026-06-10 15:10:01.048579,1308.0,9,Healthy Idle
USER_0411,2026-06-15 15:10:01.052606,1305.0,4,Healthy Idle
USER_0634,2026-06-06 15:10:01.059115,1305.0,13,Healthy Idle
USER_0659,2026-06-14 15:10:01.059781,1295.0,5,Healthy Idle
USER_0033,2026-06-14 15:10:01.040332,1289.0,5,Healthy Idle
USER_0960,2026-06-05 15:10:01.069862,1288.0,14,Healthy Idle
USER_0803,2026-06-07 15:10:01.064829,1287.0,12,Healthy Idle
USER_0882,2026-06-10 15:10:01.067341,1286.0,9,Healthy Idle
USER_0563,2026-05-29 15:10:01.056987,1284.0,21,At-Risk
USER_0363,2026-05-14 15:10:01.051007,1282.0,36,High-Risk Stagnant
USER_0492,2026-06-16 15:10:01.055021,1281.0,3,Healthy Idle
USER_0299,2026-05-18 15:10:01.049366,1278.0,32,High-Risk Stagnant
USER_0861,2026-06-12 15:10:01.066622,1274.0,7,Healthy Idle
USER_0888,2026-05-22 15:10:01.067532,1273.0,28,At-Risk
USER_0397,2026-06-05 15:10:01.052088,1270.0,14,Healthy Idle
USER_0836,2026-06-18 15:10:01.065903,1264.0,1,Healthy Idle
USER_0366,2026-06-08 15:10:01.051092,1260.0,11,Healthy Idle
USER_0884,2026-05-28 15:10:01.067418,1259.0,22,At-Risk
USER_0514,2026-06-15 15:10:01.055484,1258.0,4,Healthy Idle
USER_0067,2026-06-08 15:10:01.041331,1257.0,11,Healthy Idle
USER_0312,2026-06-01 15:10:01.049777,1257.0,18,At-Risk
USER_0014,2026-05-23 15:10:01.039816,1254.0,27,At-Risk
USER_0021,2026-06-09 15:10:01.040015,1252.0,10,Healthy Idle
USER_0558,2026-05-29 15:10:01.056848,1248.0,21,At-Risk
USER_0064,2026-05-06 15:10:01.041259,1241.0,44,High-Risk Stagnant
USER_0771,2026-06-15 15:10:01.063860,1240.0,4,Healthy Idle
USER_0202,2026-06-12 15:10:01.046084,1239.0,7,Healthy Idle
USER_0952,2026-06-10 15:10:01.069657,1236.0,9,Healthy Idle
USER_0844,2026-06-08 15:10:01.066090,1235.0,11,Healthy Idle
USER_0906,2026-05-27 15:10:01.068104,1230.0,23,At-Risk
USER_0543,2026-06-05 15:10:01.056483,1229.0,14,Healthy Idle
USER_0375,2026-06-12 15:10:01.051412,1226.0,7,Healthy Idle
USER_0288,2026-05-17 15:10:01.048967,1223.0,33,High-Risk Stagnant
USER_0598,2026-06-16 15:10:01.058013,1223.0,3,Healthy Idle
USER_0933,2026-06-07 15:10:01.068949,1223.0,12,Healthy Idle
USER_0057,2026-06-15 15:10:01.041071,1220.0,4,Healthy Idle
USER_0905,2026-06-08 15:10:01.068083,1216.0,11,Healthy Idle
USER_0379,2026-06-15 15:10:01.051607,1215.0,4,Healthy Idle
USER_0342,2026-05-28 15:10:01.050434,1211.0,22,At-Risk
USER_0081,2026-05-13 15:10:01.041657,1209.0,37,High-Risk Stagnant
USER_0894,2026-05-24 15:10:01.067750,1209.0,26,At-Risk
USER_0273,2026-05-27 15:10:01.048474,1203.0,23,At-Risk
USER_0682,2026-06-14 15:10:01.060444,1200.0,5,Healthy Idle
USER_0997,2026-05-02 15:10:01.071141,1193.0,48,High-Risk Stagnant
USER_0034,2026-06-02 15:10:01.040376,1189.0,17,At-Risk
USER_0939,2026-04-29 15:10:01.069187,1188.0,51,High-Risk Stagnant
USER_0156,2026-06-08 15:10:01.044272,1185.0,11,Healthy Idle
USER_0283,2026-06-16 15:10:01.048792,1185.0,3,Healthy Idle
USER_0419,2026-04-28 15:10:01.052821,1184.0,52,High-Risk Stagnant
USER_0542,2026-06-04 15:10:01.056459,1184.0,15,At-Risk
USER_0757,2026-06-07 15:10:01.063383,1184.0,12,Healthy Idle
USER_0350,2026-06-19 15:10:01.050614,1179.0,0,Healthy Idle
USER_0772,2026-04-29 15:10:01.063904,1177.0,51,High-Risk Stagnant
USER_0421,2026-06-10 15:10:01.052868,1176.0,9,Healthy Idle
USER_0005,2026-06-18 15:10:01.039481,1170.0,1,Healthy Idle
USER_0420,2026-06-10 15:10:01.052837,1168.0,9,Healthy Idle
USER_0124,2026-05-25 15:10:01.043126,1166.0,25,At-Risk
USER_0174,2026-06-16 15:10:01.045006,1164.0,3,Healthy Idle
USER_0535,2026-06-06 15:10:01.056208,1164.0,13,Healthy Idle
USER_0825,2026-06-16 15:10:01.065528,1161.0,3,Healthy Idle
USER_0208,2026-06-09 15:10:01.046492,1155.0,10,Healthy Idle
USER_0760,2026-06-17 15:10:01.063471,1151.0,2,Healthy Idle
USER_0412,2026-06-01 15:10:01.052627,1149.0,18,At-Risk
USER_0614,2026-06-11 15:10:01.058446,1148.0,8,Healthy Idle
USER_0206,2026-06-05 15:10:01.046212,1142.0,14,Healthy Idle
USER_0909,2026-06-10 15:10:01.068195,1141.0,9,Healthy Idle
USER_0109,2026-05-30 15:10:01.042676,1136.0,20,At-Risk
USER_0482,2026-06-16 15:10:01.054712,1136.0,3,Healthy Idle
USER_0449,2026-06-17 15:10:01.053758,1135.0,2,Healthy Idle
USER_0621,2026-06-18 15:10:01.058688,1133.0,1,Healthy Idle
USER_0389,2026-05-29 15:10:01.051876,1130.0,21,At-Risk
USER_0317,2026-05-06 15:10:01.049904,1128.0,44,High-Risk Stagnant
USER_0737,2026-06-19 15:10:01.062795,1122.0,0,Healthy Idle
USER_0751,2026-05-26 15:10:01.063260,1121.0,24,At-Risk
USER_0832,2026-05-04 15:10:01.065765,1120.0,46,High-Risk Stagnant
USER_0334,2026-06-19 15:10:01.050280,1116.0,0,Healthy Idle
USER_0675,2026-06-13 15:10:01.060208,1116.0,6,Healthy Idle
USER_0841,2026-06-11 15:10:01.066046,1116.0,8,Healthy Idle
USER_0544,2026-05-26 15:10:01.056522,1109.0,24,At-Risk
USER_0398,2026-06-19 15:10:01.052095,1108.0,0,Healthy Idle
USER_0221,2026-06-08 15:10:01.046877,1107.0,11,Healthy Idle
USER_0454,2026-06-07 15:10:01.053908,1102.0,12,Healthy Idle
USER_0925,2026-06-15 15:10:01.068628,1100.0,4,Healthy Idle
USER_0354,2026-06-06 15:10:01.050687,1097.0,13,Healthy Idle
USER_0667,2026-06-03 15:10:01.060033,1092.0,16,At-Risk
USER_0056,2026-06-08 15:10:01.041027,1091.0,11,Healthy Idle
USER_0177,2026-05-23 15:10:01.045113,1091.0,27,At-Risk
USER_0149,2026-05-11 15:10:01.043977,1089.0,39,High-Risk Stagnant
USER_0137,2026-06-03 15:10:01.043506,1088.0,16,At-Risk
USER_0561,2026-06-08 15:10:01.056935,1087.0,11,Healthy Idle
USER_0236,2026-06-07 15:10:01.047315,1083.0,12,Healthy Idle
USER_0837,2026-05-13 15:10:01.065920,1083.0,37,High-Risk Stagnant
USER_0565,2026-06-04 15:10:01.057019,1080.0,15,At-Risk
USER_0967,2026-05-13 15:10:01.070176,1080.0,37,High-Risk Stagnant
USER_0985,2026-06-05 15:10:01.070825,1076.0,14,Healthy Idle
USER_0145,2026-06-11 15:10:01.043787,1075.0,8,Healthy Idle
USER_0001,2026-06-18 15:10:01.039370,1074.0,1,Healthy Idle
USER_0087,2026-06-13 15:10:01.041922,1065.0,6,Healthy Idle
USER_0070,2026-06-10 15:10:01.041430,1062.0,9,Healthy Idle
USER_0638,2026-06-07 15:10:01.059185,1056.0,12,Healthy Idle
USER_0700,2026-06-15 15:10:01.061291,1056.0,4,Healthy Idle
USER_0235,2026-04-29 15:10:01.047276,1053.0,51,High-Risk Stagnant
USER_0380,2026-05-24 15:10:01.051631,1053.0,26,At-Risk
USER_0795,2026-05-10 15:10:01.064583,1048.0,40,High-Risk Stagnant
USER_0687,2026-06-19 15:10:01.060554,1045.0,0,Healthy Idle
USER_0408,2026-06-01 15:10:01.052510,1038.0,18,At-Risk
USER_0486,2026-06-11 15:10:01.054823,1033.0,8,Healthy Idle
USER_0672,2026-06-01 15:10:01.060140,1033.0,18,At-Risk
USER_0590,2026-06-14 15:10:01.057773,1031.0,5,Healthy Idle
USER_0323,2026-05-22 15:10:01.050053,1028.0,28,At-Risk
USER_0742,2026-06-13 15:10:01.062974,1026.0,6,Healthy Idle
USER_0862,2026-06-11 15:10:01.066658,1024.0,8,Healthy Idle
USER_0636,2026-06-12 15:10:01.059162,1023.0,7,Healthy Idle
USER_0529,2026-06-16 15:10:01.056012,1022.0,3,Healthy Idle
USER_0583,2026-06-13 15:10:01.057547,1021.0,6,Healthy Idle
USER_0924,2026-06-10 15:10:01.068593,1018.0,9,Healthy Idle
USER_0022,2026-06-01 15:10:01.040049,1015.0,18,At-Risk
USER_0138,2026-06-17 15:10:01.043523,1015.0,2,Healthy Idle
USER_0161,2026-06-07 15:10:01.044436,1012.0,12,Healthy Idle
USER_0555,2026-06-08 15:10:01.056780,1011.0,11,Healthy Idle
USER_0920,2026-05-23 15:10:01.068536,1011.0,27,At-Risk
USER_0814,2026-06-05 15:10:01.065096,1010.0,14,Healthy Idle
USER_0877,2026-05-31 15:10:01.067157,1007.0,19,At-Risk
USER_0436,2026-05-22 15:10:01.053387,1006.0,28,At-Risk
USER_0103,2026-06-15 15:10:01.042478,1003.0,4,Healthy Idle
USER_0318,2026-05-27 15:10:01.049928,1001.0,23,At-Risk
USER_0423,2026-06-19 15:10:01.052921,994.0,0,Healthy Idle
USER_0604,2026-06-12 15:10:01.058178,994.0,7,Healthy Idle
USER_0231,2026-05-13 15:10:01.047156,992.0,37,High-Risk Stagnant
USER_0446,2026-06-01 15:10:01.053669,992.0,18,At-Risk
USER_0889,2026-06-14 15:10:01.067576,992.0,5,Healthy Idle
USER_0260,2026-06-05 15:10:01.048128,987.0,14,Healthy Idle
USER_0329,2026-06-14 15:10:01.050177,987.0,5,Healthy Idle
USER_0438,2026-06-14 15:10:01.053423,983.0,5,Healthy Idle
USER_0749,2026-06-17 15:10:01.063191,973.0,2,Healthy Idle
USER_0629,2026-05-03 15:10:01.058996,971.0,47,High-Risk Stagnant
USER_0753,2026-06-18 15:10:01.063294,971.0,1,Healthy Idle
USER_0532,2026-06-16 15:10:01.056106,970.0,3,Healthy Idle
USER_0213,2026-05-07 15:10:01.046644,963.0,43,High-Risk Stagnant
USER_0036,2026-06-18 15:10:01.040412,962.0,1,Healthy Idle
USER_0684,2026-06-05 15:10:01.060481,962.0,14,Healthy Idle
USER_0308,2026-06-08 15:10:01.049702,959.0,11,Healthy Idle
USER_0510,2026-06-19 15:10:01.055392,959.0,0,Healthy Idle
USER_0823,2026-05-18 15:10:01.065424,954.0,32,High-Risk Stagnant
USER_0054,2026-06-08 15:10:01.040946,951.0,11,Healthy Idle
USER_0410,2026-06-08 15:10:01.052585,951.0,11,Healthy Idle
USER_0797,2026-05-09 15:10:01.064672,948.0,41,High-Risk Stagnant
USER_0499,2026-06-19 15:10:01.055172,947.0,0,Healthy Idle
USER_0849,2026-06-16 15:10:01.066303,947.0,3,Healthy Idle
USER_0046,2026-06-10 15:10:01.040743,945.0,9,Healthy Idle
USER_0702,2026-04-04 15:10:01.061394,943.0,76,High-Risk Stagnant
USER_0144,2026-06-17 15:10:01.043766,942.0,2,Healthy Idle
USER_0250,2026-06-01 15:10:01.047777,942.0,18,At-Risk
USER_0911,2026-05-29 15:10:01.068279,942.0,21,At-Risk
USER_0582,2026-05-06 15:10:01.057516,937.0,44,High-Risk Stagnant
USER_0357,2026-06-01 15:10:01.050796,935.0,18,At-Risk
USER_0839,2026-05-23 15:10:01.065995,935.0,27,At-Risk
USER_0011,2026-06-13 15:10:01.039671,932.0,6,Healthy Idle
USER_0813,2026-06-09 15:10:01.065083,926.0,10,Healthy Idle
USER_0593,2026-06-09 15:10:01.057879,925.0,10,Healthy Idle
USER_0437,2026-06-03 15:10:01.053410,924.0,16,At-Risk
USER_0186,2026-06-19 15:10:01.045502,923.0,0,Healthy Idle
USER_0851,2026-06-09 15:10:01.066329,911.0,10,Healthy Idle
USER_0901,2026-06-07 15:10:01.067937,897.0,12,Healthy Idle
USER_0637,2026-04-19 15:10:01.059169,893.0,61,High-Risk Stagnant
USER_0065,2026-06-01 15:10:01.041288,891.0,18,At-Risk
USER_0739,2026-05-17 15:10:01.062869,891.0,33,High-Risk Stagnant
USER_0840,2026-06-10 15:10:01.066008,890.0,9,Healthy Idle
USER_0783,2026-06-03 15:10:01.064262,888.0,16,At-Risk
USER_0107,2026-06-11 15:10:01.042624,886.0,8,Healthy Idle
USER_0602,2026-04-22 15:10:01.058140,883.0,58,High-Risk Stagnant
USER_0990,2026-06-01 15:10:01.070980,880.0,18,At-Risk
USER_0023,2026-06-01 15:10:01.040056,877.0,18,At-Risk
USER_0325,2026-06-16 15:10:01.050100,877.0,3,Healthy Idle
USER_0951,2026-06-11 15:10:01.069589,876.0,8,Healthy Idle
USER_0201,2026-04-13 15:10:01.046044,875.0,67,High-Risk Stagnant
USER_0353,2026-06-16 15:10:01.050669,874.0,3,Healthy Idle
USER_0075,2026-06-19 15:10:01.041543,873.0,0,Healthy Idle
USER_0061,2026-05-20 15:10:01.041169,872.0,30,At-Risk
USER_0716,2026-05-02 15:10:01.061899,869.0,48,High-Risk Stagnant
USER_0671,2026-06-11 15:10:01.060129,867.0,8,Healthy Idle
USER_0095,2026-06-19 15:10:01.042178,862.0,0,Healthy Idle
USER_0228,2026-06-15 15:10:01.047065,860.0,4,Healthy Idle
USER_0035,2026-05-19 15:10:01.040394,859.0,31,High-Risk Stagnant
USER_0714,2026-06-18 15:10:01.061822,859.0,1,Healthy Idle
USER_0819,2026-06-18 15:10:01.065285,859.0,1,Healthy Idle
USER_0681,2026-06-14 15:10:01.060404,858.0,5,Healthy Idle
USER_0020,2026-06-03 15:10:01.039994,857.0,16,At-Risk
USER_0917,2026-05-29 15:10:01.068449,857.0,21,At-Risk
USER_0147,2026-06-11 15:10:01.043864,856.0,8,Healthy Idle
USER_0326,2026-04-12 15:10:01.050107,855.0,68,High-Risk Stagnant
USER_0818,2026-06-11 15:10:01.065241,852.0,8,Healthy Idle
USER_0513,2026-05-31 15:10:01.055467,845.0,19,At-Risk
USER_0627,2026-06-13 15:10:01.058930,845.0,6,Healthy Idle
USER_0383,2026-06-09 15:10:01.051701,841.0,10,Healthy Idle
USER_0518,2026-06-10 15:10:01.055636,840.0,9,Healthy Idle
USER_0390,2026-06-11 15:10:01.051897,836.0,8,Healthy Idle
USER_0258,2026-05-27 15:10:01.048053,831.0,23,At-Risk
USER_0588,2026-05-14 15:10:01.057701,830.0,36,High-Risk Stagnant
USER_0781,2026-05-21 15:10:01.064164,826.0,29,At-Risk
USER_0706,2026-06-05 15:10:01.061472,823.0,14,Healthy Idle
USER_0790,2026-05-06 15:10:01.064444,823.0,44,High-Risk Stagnant
USER_0744,2026-05-11 15:10:01.063047,821.0,39,High-Risk Stagnant
USER_0919,2026-05-25 15:10:01.068529,821.0,25,At-Risk
USER_0999,2026-05-30 15:10:01.071202,817.0,20,At-Risk
USER_0579,2026-06-16 15:10:01.057448,815.0,3,Healthy Idle
USER_0984,2026-05-08 15:10:01.070804,814.0,42,High-Risk Stagnant
USER_0594,2026-06-14 15:10:01.057900,807.0,5,Healthy Idle
USER_0670,2026-06-06 15:10:01.060107,807.0,13,Healthy Idle
USER_0112,2026-05-26 15:10:01.042747,802.0,24,At-Risk
USER_0559,2026-05-19 15:10:01.056864,794.0,31,High-Risk Stagnant
USER_0731,2026-06-19 15:10:01.062563,793.0,0,Healthy Idle
USER_0262,2026-05-09 15:10:01.048180,791.0,41,High-Risk Stagnant
USER_0094,2026-06-12 15:10:01.042134,785.0,7,Healthy Idle
USER_0433,2026-04-25 15:10:01.053274,782.0,55,High-Risk Stagnant
USER_0080,2026-05-13 15:10:01.041633,781.0,37,High-Risk Stagnant
USER_0163,2026-05-30 15:10:01.044509,774.0,20,At-Risk
USER_0784,2026-06-18 15:10:01.064280,769.0,1,Healthy Idle
USER_0076,2026-05-25 15:10:01.041566,768.0,25,At-Risk
USER_0504,2026-06-09 15:10:01.055289,768.0,10,Healthy Idle
USER_0573,2026-05-18 15:10:01.057239,766.0,32,High-Risk Stagnant
USER_0954,2026-05-26 15:10:01.069683,766.0,24,At-Risk
USER_0653,2026-06-06 15:10:01.059606,763.0,13,Healthy Idle
USER_0335,2026-06-09 15:10:01.050298,755.0,10,Healthy Idle
USER_0511,2026-05-03 15:10:01.055399,754.0,47,High-Risk Stagnant
USER_0683,2026-06-09 15:10:01.060460,752.0,10,Healthy Idle
USER_0371,2026-05-27 15:10:01.051261,745.0,23,At-Risk
USER_0718,2026-06-01 15:10:01.061967,745.0,18,At-Risk
USER_0900,2026-06-09 15:10:01.067924,745.0,10,Healthy Idle
USER_0331,2026-03-26 15:10:01.050224,742.0,85,High-Risk Stagnant
USER_0747,2026-06-08 15:10:01.063138,739.0,11,Healthy Idle
USER_0200,2026-06-05 15:10:01.045949,737.0,14,Healthy Idle
USER_0701,2026-04-23 15:10:01.061372,737.0,57,High-Risk Stagnant
USER_0190,2026-04-16 15:10:01.045623,736.0,64,High-Risk Stagnant
USER_0497,2026-05-08 15:10:01.055122,736.0,42,High-Risk Stagnant
USER_0330,2026-06-03 15:10:01.050201,735.0,16,At-Risk
USER_0597,2026-05-22 15:10:01.057983,732.0,28,At-Risk
USER_0551,2026-06-10 15:10:01.056686,731.0,9,Healthy Idle
USER_0831,2026-06-11 15:10:01.065731,730.0,8,Healthy Idle
USER_0290,2026-05-11 15:10:01.049038,729.0,39,High-Risk Stagnant
USER_0631,2026-06-19 15:10:01.059055,729.0,0,Healthy Idle
USER_0006,2026-06-16 15:10:01.039531,722.0,3,Healthy Idle
USER_0809,2026-06-17 15:10:01.064995,718.0,2,Healthy Idle
USER_0674,2026-05-25 15:10:01.060197,715.0,25,At-Risk
USER_0856,2026-06-18 15:10:01.066488,714.0,1,Healthy Idle
USER_0332,2026-05-19 15:10:01.050244,710.0,31,High-Risk Stagnant
USER_0778,2026-06-16 15:10:01.064137,690.0,3,Healthy Idle
USER_0078,2026-06-08 15:10:01.041586,683.0,11,Healthy Idle
USER_0548,2026-06-16 15:10:01.056608,682.0,3,Healthy Idle
USER_0644,2026-06-11 15:10:01.059326,681.0,8,Healthy Idle
USER_0448,2026-05-06 15:10:01.053731,680.0,44,High-Risk Stagnant
USER_0904,2026-06-19 15:10:01.068054,678.0,0,Healthy Idle
USER_0276,2026-06-18 15:10:01.048528,674.0,1,Healthy Idle
USER_0393,2026-06-19 15:10:01.051967,673.0,0,Healthy Idle
USER_0347,2026-05-04 15:10:01.050581,668.0,46,High-Risk Stagnant
USER_0656,2026-05-11 15:10:01.059674,667.0,39,High-Risk Stagnant
USER_0615,2026-06-03 15:10:01.058477,666.0,16,At-Risk
USER_0741,2026-06-17 15:10:01.062934,663.0,2,Healthy Idle
USER_0789,2026-05-07 15:10:01.064417,662.0,43,High-Risk Stagnant
USER_0696,2026-04-30 15:10:01.061139,659.0,50,High-Risk Stagnant
USER_0467,2026-06-10 15:10:01.054231,658.0,9,Healthy Idle
USER_0106,2026-04-21 15:10:01.042603,650.0,59,High-Risk Stagnant
USER_0126,2026-06-03 15:10:01.043162,649.0,16,At-Risk
USER_0457,2026-06-08 15:10:01.053957,648.0,11,Healthy Idle
USER_0908,2026-05-22 15:10:01.068167,647.0,28,At-Risk
USER_0241,2026-06-15 15:10:01.047443,645.0,4,Healthy Idle
USER_0639,2026-05-20 15:10:01.059211,645.0,30,At-Risk
USER_0238,2026-06-12 15:10:01.047372,641.0,7,Healthy Idle
USER_0267,2026-04-25 15:10:01.048334,640.0,55,High-Risk Stagnant
USER_0162,2026-05-19 15:10:01.044468,637.0,31,High-Risk Stagnant
USER_0120,2026-06-19 15:10:01.043027,636.0,0,Healthy Idle
USER_0121,2026-06-18 15:10:01.043039,633.0,1,Healthy Idle
USER_0500,2026-05-19 15:10:01.055190,631.0,31,High-Risk Stagnant
USER_0992,2026-05-09 15:10:01.071048,630.0,41,High-Risk Stagnant
USER_0327,2026-06-16 15:10:01.050125,626.0,3,Healthy Idle
USER_0646,2026-06-16 15:10:01.059368,624.0,3,Healthy Idle
USER_0663,2026-06-14 15:10:01.059893,624.0,5,Healthy Idle
USER_0938,2026-06-12 15:10:01.069164,624.0,7,Healthy Idle
USER_0680,2026-06-17 15:10:01.060377,621.0,2,Healthy Idle
USER_0779,2026-05-23 15:10:01.064149,619.0,27,At-Risk
USER_0658,2026-06-18 15:10:01.059739,617.0,1,Healthy Idle
USER_0451,2026-05-03 15:10:01.053815,614.0,47,High-Risk Stagnant
USER_0793,2026-06-17 15:10:01.064526,614.0,2,Healthy Idle
USER_0953,2026-05-26 15:10:01.069676,606.0,24,At-Risk
USER_0002,2026-05-30 15:10:01.039389,603.0,20,At-Risk
USER_0574,2026-06-01 15:10:01.057265,602.0,18,At-Risk
USER_0336,2026-05-27 15:10:01.050321,600.0,23,At-Risk
USER_0943,2026-06-17 15:10:01.069283,598.0,2,Healthy Idle
USER_0263,2026-06-16 15:10:01.048221,595.0,3,Healthy Idle
USER_0740,2026-05-07 15:10:01.062903,595.0,43,High-Risk Stagnant
USER_0916,2026-06-11 15:10:01.068436,591.0,8,Healthy Idle
USER_0274,2026-04-11 15:10:01.048513,590.0,69,High-Risk Stagnant
USER_0868,2026-05-24 15:10:01.066862,585.0,26,At-Risk
USER_0150,2026-05-11 15:10:01.044007,582.0,39,High-Risk Stagnant
USER_0314,2026-06-05 15:10:01.049802,581.0,14,Healthy Idle
USER_0921,2026-06-10 15:10:01.068565,570.0,9,Healthy Idle
USER_0203,2026-06-18 15:10:01.046097,563.0,1,Healthy Idle
USER_0721,2026-06-10 15:10:01.062042,533.0,9,Healthy Idle
USER_0756,2026-06-04 15:10:01.063365,533.0,15,At-Risk
USER_0223,2026-04-03 15:10:01.046944,530.0,77,High-Risk Stagnant
USER_0871,2026-05-12 15:10:01.066949,525.0,38,High-Risk Stagnant
USER_0945,2026-05-28 15:10:01.069334,522.0,22,At-Risk
USER_0184,2026-06-12 15:10:01.045418,516.0,7,Healthy Idle
USER_0458,2026-04-19 15:10:01.053974,516.0,61,High-Risk Stagnant
USER_0618,2026-05-06 15:10:01.058596,513.0,44,High-Risk Stagnant
USER_0229,2026-05-20 15:10:01.047094,511.0,30,At-Risk
USER_0800,2026-05-22 15:10:01.064774,503.0,28,At-Risk
USER_0059,2026-03-26 15:10:01.041149,499.0,85,High-Risk Stagnant
USER_0337,2026-05-23 15:10:01.050339,497.0,27,At-Risk
USER_0077,2026-06-17 15:10:01.041578,495.0,2,Healthy Idle
USER_0603,2026-06-11 15:10:01.058161,495.0,8,Healthy Idle
USER_0509,2026-04-21 15:10:01.055373,493.0,59,High-Risk Stagnant
USER_0071,2026-06-15 15:10:01.041437,491.0,4,Healthy Idle
USER_0395,2026-06-01 15:10:01.052034,487.0,18,At-Risk
USER_0942,2026-05-08 15:10:01.069274,486.0,42,High-Risk Stagnant
USER_0247,2026-05-30 15:10:01.047642,482.0,20,At-Risk
USER_0553,2026-05-04 15:10:01.056746,475.0,46,High-Risk Stagnant
USER_0364,2026-04-21 15:10:01.051025,474.0,59,High-Risk Stagnant
USER_0158,2026-05-29 15:10:01.044302,473.0,21,At-Risk
USER_0319,2026-05-15 15:10:01.049946,472.0,35,High-Risk Stagnant
USER_0047,2026-06-10 15:10:01.040761,471.0,9,Healthy Idle
USER_0880,2026-04-18 15:10:01.067253,470.0,62,High-Risk Stagnant
USER_0541,2026-05-15 15:10:01.056425,468.0,35,High-Risk Stagnant
USER_0272,2026-04-13 15:10:01.048456,467.0,67,High-Risk Stagnant
USER_0125,2026-05-10 15:10:01.043155,462.0,40,High-Risk Stagnant
USER_0506,2026-04-18 15:10:01.055306,461.0,62,High-Risk Stagnant
USER_0812,2026-06-08 15:10:01.065055,461.0,11,Healthy Idle
USER_0090,2026-06-12 15:10:01.042007,456.0,7,Healthy Idle
USER_0713,2026-04-22 15:10:01.061808,456.0,58,High-Risk Stagnant
USER_0734,2026-06-02 15:10:01.062702,456.0,17,At-Risk
USER_0686,2026-06-03 15:10:01.060547,450.0,16,At-Risk
USER_0311,2026-05-18 15:10:01.049764,449.0,32,High-Risk Stagnant
USER_0339,2026-06-09 15:10:01.050360,445.0,10,Healthy Idle
USER_0111,2026-05-08 15:10:01.042734,442.0,42,High-Risk Stagnant
USER_0816,2026-06-11 15:10:01.065174,441.0,8,Healthy Idle
USER_0173,2026-04-09 15:10:01.044981,440.0,71,High-Risk Stagnant
USER_0501,2026-04-03 15:10:01.055197,440.0,77,High-Risk Stagnant
USER_0136,2026-04-22 15:10:01.043477,436.0,58,High-Risk Stagnant
USER_0227,2026-04-21 15:10:01.047050,436.0,59,High-Risk Stagnant
USER_0048,2026-06-19 15:10:01.040774,434.0,0,Healthy Idle
USER_0333,2026-03-27 15:10:01.050256,429.0,84,High-Risk Stagnant
USER_0196,2026-05-16 15:10:01.045814,427.0,34,High-Risk Stagnant
USER_0736,2026-05-20 15:10:01.062770,427.0,30,At-Risk
USER_0211,2026-04-11 15:10:01.046598,424.0,69,High-Risk Stagnant
USER_0027,2026-04-09 15:10:01.040176,419.0,71,High-Risk Stagnant
USER_0102,2026-05-24 15:10:01.042442,419.0,26,At-Risk
USER_0088,2026-06-05 15:10:01.041944,417.0,14,Healthy Idle
USER_0474,2026-05-18 15:10:01.054415,416.0,32,High-Risk Stagnant
USER_0719,2026-05-15 15:10:01.061981,416.0,35,High-Risk Stagnant
USER_0609,2026-05-13 15:10:01.058318,411.0,37,High-Risk Stagnant
USER_0386,2026-06-03 15:10:01.051787,408.0,16,At-Risk
USER_0642,2026-06-14 15:10:01.059289,404.0,5,Healthy Idle
USER_0979,2026-05-21 15:10:01.070674,404.0,29,At-Risk
USER_0695,2026-06-02 15:10:01.061113,402.0,17,At-Risk
USER_0835,2026-03-25 15:10:01.065877,402.0,86,High-Risk Stagnant
USER_0239,2026-04-02 15:10:01.047384,400.0,78,High-Risk Stagnant
USER_0705,2026-06-13 15:10:01.061464,400.0,6,Healthy Idle
USER_0493,2026-06-19 15:10:01.055052,398.0,0,Healthy Idle
USER_0926,2026-06-07 15:10:01.068652,397.0,12,Healthy Idle
USER_0232,2026-06-13 15:10:01.047174,395.0,6,Healthy Idle
USER_0269,2026-05-19 15:10:01.048364,394.0,31,High-Risk Stagnant
USER_0752,2026-05-06 15:10:01.063273,394.0,44,High-Risk Stagnant
USER_0152,2026-05-03 15:10:01.044037,393.0,47,High-Risk Stagnant
USER_0037,2026-05-18 15:10:01.040419,392.0,32,High-Risk Stagnant
USER_0252,2026-05-30 15:10:01.047835,392.0,20,At-Risk
USER_0461,2026-05-23 15:10:01.054049,391.0,27,At-Risk
USER_0417,2026-06-10 15:10:01.052754,388.0,9,Healthy Idle
USER_0633,2026-05-03 15:10:01.059103,388.0,47,High-Risk Stagnant
USER_0923,2026-06-05 15:10:01.068585,387.0,14,Healthy Idle
USER_0387,2026-06-12 15:10:01.051803,386.0,7,Healthy Idle
USER_0556,2026-06-04 15:10:01.056796,385.0,15,At-Risk
USER_0655,2026-04-30 15:10:01.059657,384.0,50,High-Risk Stagnant
USER_0996,2026-06-13 15:10:01.071120,383.0,6,Healthy Idle
USER_0496,2026-06-07 15:10:01.055111,380.0,12,Healthy Idle
USER_0929,2026-06-18 15:10:01.068763,380.0,1,Healthy Idle
USER_0313,2026-04-05 15:10:01.049795,377.0,75,High-Risk Stagnant
USER_0698,2026-05-15 15:10:01.061189,377.0,35,High-Risk Stagnant
USER_0348,2026-06-13 15:10:01.050599,376.0,6,Healthy Idle
USER_0802,2026-06-13 15:10:01.064801,374.0,6,Healthy Idle
USER_0066,2026-04-27 15:10:01.041313,373.0,53,High-Risk Stagnant
USER_0157,2026-06-10 15:10:01.044286,373.0,9,Healthy Idle
USER_0338,2026-05-15 15:10:01.050347,373.0,35,High-Risk Stagnant
USER_0895,2026-05-23 15:10:01.067784,372.0,27,At-Risk
USER_0545,2026-06-04 15:10:01.056540,368.0,15,At-Risk
USER_0703,2026-06-13 15:10:01.061407,368.0,6,Healthy Idle
USER_0352,2026-05-28 15:10:01.050656,367.0,22,At-Risk
USER_0690,2026-05-12 15:10:01.060744,361.0,38,High-Risk Stagnant
USER_0043,2026-06-19 15:10:01.040653,359.0,0,Healthy Idle
USER_0785,2026-04-23 15:10:01.064288,358.0,57,High-Risk Stagnant
USER_0215,2026-05-16 15:10:01.046675,353.0,34,High-Risk Stagnant
USER_0572,2026-05-22 15:10:01.057227,346.0,28,At-Risk
USER_0592,2026-06-17 15:10:01.057853,343.0,2,Healthy Idle
USER_0730,2026-05-21 15:10:01.062549,343.0,29,At-Risk
USER_0073,2026-06-09 15:10:01.041457,340.0,10,Healthy Idle
USER_0275,2026-04-07 15:10:01.048520,340.0,73,High-Risk Stagnant
USER_0854,2026-06-10 15:10:01.066441,338.0,9,Healthy Idle
USER_0178,2026-06-13 15:10:01.045147,331.0,6,Healthy Idle
USER_0584,2026-05-10 15:10:01.057560,329.0,40,High-Risk Stagnant
USER_0134,2026-06-05 15:10:01.043417,325.0,14,Healthy Idle
USER_0031,2026-04-12 15:10:01.040304,316.0,68,High-Risk Stagnant
USER_0442,2026-04-17 15:10:01.053562,316.0,63,High-Risk Stagnant
USER_0612,2026-05-30 15:10:01.058401,312.0,20,At-Risk
USER_0791,2026-05-31 15:10:01.064456,311.0,19,At-Risk
USER_0160,2026-05-05 15:10:01.044413,307.0,45,High-Risk Stagnant
USER_0051,2026-05-16 15:10:01.040860,303.0,34,High-Risk Stagnant
USER_0987,2026-05-24 15:10:01.070878,303.0,26,At-Risk
USER_0787,2026-04-12 15:10:01.064350,300.0,68,High-Risk Stagnant
USER_0427,2026-06-01 15:10:01.053078,289.0,18,At-Risk
USER_0885,2026-06-08 15:10:01.067431,289.0,11,Healthy Idle
USER_0754,2026-04-29 15:10:01.063317,288.0,51,High-Risk Stagnant
USER_0893,2026-06-07 15:10:01.067737,288.0,12,Healthy Idle
USER_0842,2026-04-09 15:10:01.066065,284.0,71,High-Risk Stagnant
USER_0245,2026-06-09 15:10:01.047585,281.0,10,Healthy Idle
USER_0955,2026-03-31 15:10:01.069712,280.0,80,High-Risk Stagnant
USER_0843,2026-06-14 15:10:01.066077,279.0,5,Healthy Idle
USER_0922,2026-05-12 15:10:01.068578,276.0,38,High-Risk Stagnant
USER_0360,2026-05-25 15:10:01.050916,273.0,25,At-Risk
USER_0214,2026-06-18 15:10:01.046668,272.0,1,Healthy Idle
USER_0994,2026-05-01 15:10:01.071101,271.0,49,High-Risk Stagnant
USER_0471,2026-05-24 15:10:01.054323,263.0,26,At-Risk
USER_0032,2026-06-16 15:10:01.040313,253.0,3,Healthy Idle
USER_0540,2026-04-18 15:10:01.056418,252.0,62,High-Risk Stagnant
USER_0806,2026-05-13 15:10:01.064888,250.0,37,High-Risk Stagnant
USER_0007,2026-05-17 15:10:01.039544,244.0,33,High-Risk Stagnant
USER_0382,2026-03-31 15:10:01.051694,239.0,80,High-Risk Stagnant
USER_0980,2026-04-16 15:10:01.070684,238.0,64,High-Risk Stagnant
USER_0606,2026-06-01 15:10:01.058230,236.0,18,At-Risk
USER_0801,2026-03-29 15:10:01.064786,228.0,82,High-Risk Stagnant
USER_0857,2026-04-07 15:10:01.066495,225.0,73,High-Risk Stagnant
USER_0966,2026-04-17 15:10:01.070152,224.0,63,High-Risk Stagnant
USER_0072,2026-06-02 15:10:01.041450,223.0,17,At-Risk
USER_0257,2026-06-01 15:10:01.048029,217.0,18,At-Risk
USER_0469,2026-04-26 15:10:01.054283,217.0,54,High-Risk Stagnant
USER_0913,2026-04-17 15:10:01.068330,217.0,63,High-Risk Stagnant
USER_0060,2026-04-10 15:10:01.041157,216.0,70,High-Risk Stagnant
USER_0130,2026-05-11 15:10:01.043314,216.0,39,High-Risk Stagnant
USER_0151,2026-06-14 15:10:01.044019,215.0,5,Healthy Idle
USER_0581,2026-04-14 15:10:01.057510,207.0,66,High-Risk Stagnant
USER_0624,2026-05-26 15:10:01.058812,206.0,24,At-Risk
USER_0187,2026-04-30 15:10:01.045521,205.0,50,High-Risk Stagnant
USER_0850,2026-05-26 15:10:01.066311,202.0,24,At-Risk
USER_0523,2026-06-03 15:10:01.055798,197.0,16,At-Risk
USER_0586,2026-05-16 15:10:01.057621,195.0,34,High-Risk Stagnant
USER_0828,2026-05-19 15:10:01.065630,188.0,31,High-Risk Stagnant
USER_0896,2026-05-11 15:10:01.067792,176.0,39,High-Risk Stagnant
USER_0720,2026-05-07 15:10:01.062007,173.0,43,High-Risk Stagnant
USER_0392,2026-06-02 15:10:01.051946,172.0,17,At-Risk
USER_0522,2026-05-29 15:10:01.055782,165.0,21,At-Risk
USER_0564,2026-05-06 15:10:01.057003,163.0,44,High-Risk Stagnant
USER_0287,2026-03-27 15:10:01.048960,162.0,84,High-Risk Stagnant
USER_0959,2026-06-01 15:10:01.069849,161.0,18,At-Risk
USER_0179,2026-03-27 15:10:01.045159,158.0,84,High-Risk Stagnant
USER_0341,2026-06-01 15:10:01.050410,153.0,18,At-Risk
USER_0941,2026-06-03 15:10:01.069262,151.0,16,At-Risk
USER_0322,2026-05-04 15:10:01.050044,147.0,46,High-Risk Stagnant
USER_0344,2026-04-09 15:10:01.050494,146.0,71,High-Risk Stagnant
USER_0507,2026-06-14 15:10:01.055319,146.0,5,Healthy Idle
USER_0648,2026-04-02 15:10:01.059441,145.0,78,High-Risk Stagnant
USER_0867,2026-06-18 15:10:01.066849,140.0,1,Healthy Idle
USER_0370,2026-04-27 15:10:01.051230,137.0,53,High-Risk Stagnant
USER_0018,2026-06-18 15:10:01.039942,129.0,1,Healthy Idle
USER_0063,2026-05-13 15:10:01.041242,116.0,37,High-Risk Stagnant
USER_0026,2026-05-27 15:10:01.040169,115.0,23,At-Risk
USER_0171,2026-04-04 15:10:01.044907,115.0,76,High-Risk Stagnant
USER_0477,2026-03-28 15:10:01.054501,115.0,83,High-Risk Stagnant
USER_0635,2026-05-27 15:10:01.059127,115.0,23,At-Risk
USER_0505,2026-05-30 15:10:01.055298,114.0,20,At-Risk
USER_0307,2026-05-11 15:10:01.049684,107.0,39,High-Risk Stagnant
USER_0485,2026-06-05 15:10:01.054806,105.0,14,Healthy Idle
USER_0282,2026-06-12 15:10:01.048784,100.0,7,Healthy Idle
USER_0441,2026-05-17 15:10:01.053555,92.0,33,High-Risk Stagnant
USER_0225,2026-04-13 15:10:01.047014,91.0,67,High-Risk Stagnant
USER_0309,2026-05-06 15:10:01.049710,89.0,44,High-Risk Stagnant
USER_0193,2026-05-10 15:10:01.045723,88.0,40,High-Risk Stagnant
USER_0017,2026-04-25 15:10:01.039935,80.0,55,High-Risk Stagnant
USER_0995,2026-04-03 15:10:01.071113,79.0,77,High-Risk Stagnant
USER_0777,2026-05-03 15:10:01.064124,78.0,47,High-Risk Stagnant
USER_0416,2026-04-05 15:10:01.052747,70.0,75,High-Risk Stagnant
USER_0268,2026-06-13 15:10:01.048357,69.0,6,Healthy Idle
USER_0324,2026-05-13 15:10:01.050071,63.0,37,High-Risk Stagnant
USER_0462,2026-05-14 15:10:01.054056,62.0,36,High-Risk Stagnant
USER_0131,2026-03-23 15:10:01.043321,60.0,88,High-Risk Stagnant
USER_0494,2026-05-27 15:10:01.055059,57.0,23,At-Risk
USER_0859,2026-06-12 15:10:01.066542,56.0,7,Healthy Idle
USER_0780,2026-04-21 15:10:01.064157,55.0,59,High-Risk Stagnant
USER_0976,2026-05-15 15:10:01.070583,55.0,35,High-Risk Stagnant
USER_0805,2026-06-14 15:10:01.064880,45.0,5,Healthy Idle
USER_0763,2026-05-26 15:10:01.063543,42.0,24,At-Risk
USER_0091,2026-03-29 15:10:01.042014,41.0,82,High-Risk Stagnant
USER_0669,2026-06-02 15:10:01.060091,41.0,17,At-Risk
USER_0761,2026-05-30 15:10:01.063501,38.0,20,At-Risk
USER_0429,2026-04-27 15:10:01.053126,36.0,53,High-Risk Stagnant
USER_0351,2026-05-15 15:10:01.050643,34.0,35,High-Risk Stagnant
USER_0811,2026-04-18 15:10:01.065047,28.0,62,High-Risk Stagnant
USER_0349,2026-05-15 15:10:01.050607,24.0,35,High-Risk Stagnant
USER_0676,2026-05-02 15:10:01.060229,24.0,48,High-Risk Stagnant
USER_0981,2026-05-13 15:10:01.070691,24.0,37,High-Risk Stagnant
USER_0660,2026-05-28 15:10:01.059787,22.0,22,At-Risk
USER_0873,2026-04-01 15:10:01.067009,18.0,79,High-Risk Stagnant
USER_0444,2026-04-19 15:10:01.053605,16.0,61,High-Risk Stagnant
USER_0456,2026-03-22 15:10:01.053948,1.0,89,High-Risk Stagnant
