user_id,last_interaction,total_balance,days_since,status
USER_0000,2026-06-05 13:26:49.607411,1788,14,Healthy Idle
USER_0001,2026-06-18 13:26:49.607495,1074,1,Healthy Idle
USER_0002,2026-05-30 13:26:49.607526,603,20,At-Risk
USER_0003,2026-06-05 13:26:49.607574,1852,14,Healthy Idle
USER_0004,2026-06-11 13:26:49.607676,1454,8,Healthy Idle
USER_0005,2026-06-18 13:26:49.607689,1170,1,Healthy Idle
USER_0006,2026-06-16 13:26:49.607762,722,3,Healthy Idle
USER_0007,2026-05-17 13:26:49.607783,244,33,High-Risk Stagnant
USER_0008,2026-06-06 13:26:49.607795,1332,13,Healthy Idle
USER_0009,2026-06-05 13:26:49.607893,2542,14,Healthy Idle
USER_0010,2026-06-19 13:26:49.607923,2630,0,Healthy Idle
USER_0011,2026-06-13 13:26:49.607990,932,6,Healthy Idle
USER_0012,2026-06-17 13:26:49.608071,2671,2,Healthy Idle
USER_0013,2026-06-16 13:26:49.608146,1335,3,Healthy Idle
USER_0014,2026-05-23 13:26:49.608231,1254,27,At-Risk
USER_0015,2026-06-19 13:26:49.608269,2853,0,Healthy Idle
USER_0016,2026-06-18 13:26:49.608402,1980,1,Healthy Idle
USER_0017,2026-04-25 13:26:49.608414,80,55,High-Risk Stagnant
USER_0018,2026-06-18 13:26:49.608427,129,1,Healthy Idle
USER_0019,2026-06-19 13:26:49.608448,1598,0,Healthy Idle
USER_0020,2026-06-03 13:26:49.608511,857,16,At-Risk
USER_0021,2026-06-09 13:26:49.608541,1252,10,Healthy Idle
USER_0022,2026-06-01 13:26:49.608597,1015,18,At-Risk
USER_0023,2026-06-01 13:26:49.608609,877,18,At-Risk
USER_0024,2026-06-19 13:26:49.608648,2073,0,Healthy Idle
USER_0025,2026-06-18 13:26:49.608713,2551,1,Healthy Idle
USER_0026,2026-05-27 13:26:49.608794,115,23,At-Risk
USER_0027,2026-04-09 13:26:49.608806,419,71,High-Risk Stagnant
USER_0028,2026-06-02 13:26:49.608844,1437,17,At-Risk
USER_0029,2026-06-12 13:26:49.608908,2675,7,Healthy Idle
USER_0030,2026-06-12 13:26:49.608974,1632,7,Healthy Idle
USER_0031,2026-04-12 13:26:49.609015,316,68,High-Risk Stagnant
USER_0032,2026-06-16 13:26:49.609028,253,3,Healthy Idle
USER_0033,2026-06-14 13:26:49.609058,1289,5,Healthy Idle
USER_0034,2026-06-02 13:26:49.609130,1189,17,At-Risk
USER_0035,2026-05-19 13:26:49.609160,859,31,High-Risk Stagnant
USER_0036,2026-06-18 13:26:49.609189,962,1,Healthy Idle
USER_0037,2026-05-18 13:26:49.609201,392,32,High-Risk Stagnant
USER_0038,2026-05-27 13:26:49.609247,1448,23,At-Risk
USER_0039,2026-06-12 13:26:49.609285,2421,7,Healthy Idle
USER_0040,2026-06-12 13:26:49.609420,1549,7,Healthy Idle
USER_0041,2026-06-07 13:26:49.609466,1550,12,Healthy Idle
USER_0042,2026-06-19 13:26:49.609556,2289,0,Healthy Idle
USER_0043,2026-06-19 13:26:49.609577,359,0,Healthy Idle
USER_0044,2026-05-25 13:26:49.609615,2070,25,At-Risk
USER_0045,2026-06-04 13:26:49.609743,1846,15,At-Risk
USER_0046,2026-06-10 13:26:49.609790,945,9,Healthy Idle
USER_0047,2026-06-10 13:26:49.609820,471,9,Healthy Idle
USER_0048,2026-06-19 13:26:49.609854,434,0,Healthy Idle
USER_0049,2026-06-18 13:26:49.609898,2517,1,Healthy Idle
USER_0050,2026-06-08 13:26:49.609965,1506,11,Healthy Idle
USER_0051,2026-05-16 13:26:49.610015,303,34,High-Risk Stagnant
USER_0052,2026-06-13 13:26:49.610054,2451,6,Healthy Idle
USER_0053,2026-05-27 13:26:49.610145,1346,23,At-Risk
USER_0054,2026-06-08 13:26:49.610157,951,11,Healthy Idle
USER_0055,2026-06-11 13:26:49.610247,2401,8,Healthy Idle
USER_0056,2026-06-08 13:26:49.610286,1091,11,Healthy Idle
USER_0057,2026-06-15 13:26:49.610358,1220,4,Healthy Idle
USER_0058,2026-06-13 13:26:49.610414,2758,6,Healthy Idle
USER_0059,2026-03-26 13:26:49.610489,499,85,High-Risk Stagnant
USER_0060,2026-04-10 13:26:49.610501,216,70,High-Risk Stagnant
USER_0061,2026-05-20 13:26:49.610522,872,30,At-Risk
USER_0062,2026-06-17 13:26:49.610615,1980,2,Healthy Idle
USER_0063,2026-05-13 13:26:49.610646,116,37,High-Risk Stagnant
USER_0064,2026-05-06 13:26:49.610676,1241,44,High-Risk Stagnant
USER_0065,2026-06-01 13:26:49.610727,891,18,At-Risk
USER_0066,2026-04-27 13:26:49.610766,373,53,High-Risk Stagnant
USER_0067,2026-06-08 13:26:49.610799,1257,11,Healthy Idle
USER_0068,2026-06-12 13:26:49.610847,1797,7,Healthy Idle
USER_0069,2026-06-14 13:26:49.610932,1531,5,Healthy Idle
USER_0070,2026-06-10 13:26:49.610962,1062,9,Healthy Idle
USER_0071,2026-06-15 13:26:49.610975,491,4,Healthy Idle
USER_0072,2026-06-02 13:26:49.610996,223,17,At-Risk
USER_0073,2026-06-09 13:26:49.611009,340,10,Healthy Idle
USER_0074,2026-06-19 13:26:49.611056,3004,0,Healthy Idle
USER_0075,2026-06-19 13:26:49.611148,873,0,Healthy Idle
USER_0076,2026-05-25 13:26:49.611186,768,25,At-Risk
USER_0077,2026-06-17 13:26:49.611210,495,2,Healthy Idle
USER_0078,2026-06-08 13:26:49.611222,683,11,Healthy Idle
USER_0079,2026-05-04 13:26:49.611252,1505,46,High-Risk Stagnant
USER_0080,2026-05-13 13:26:49.611300,781,37,High-Risk Stagnant
USER_0081,2026-05-13 13:26:49.611340,1209,37,High-Risk Stagnant
USER_0082,2026-06-16 13:26:49.611378,1706,3,Healthy Idle
USER_0083,2026-05-28 13:26:49.611461,1459,22,At-Risk
USER_0084,2026-06-16 13:26:49.611500,1330,3,Healthy Idle
USER_0085,2026-06-15 13:26:49.611598,1904,4,Healthy Idle
USER_0086,2026-06-19 13:26:49.611716,2285,0,Healthy Idle
USER_0087,2026-06-13 13:26:49.611791,1065,6,Healthy Idle
USER_0088,2026-06-05 13:26:49.611821,417,14,Healthy Idle
USER_0089,2026-06-03 13:26:49.611881,2029,16,At-Risk
USER_0090,2026-06-12 13:26:49.611928,456,7,Healthy Idle
USER_0091,2026-03-29 13:26:49.611940,41,82,High-Risk Stagnant
USER_0092,2026-06-16 13:26:49.612023,2659,3,Healthy Idle
USER_0093,2026-06-17 13:26:49.612044,1500,2,Healthy Idle
USER_0094,2026-06-12 13:26:49.612134,785,7,Healthy Idle
USER_0095,2026-06-19 13:26:49.612207,862,0,Healthy Idle
USER_0096,2026-06-17 13:26:49.612245,1823,2,Healthy Idle
USER_0097,2026-06-18 13:26:49.612283,1462,1,Healthy Idle
USER_0098,2026-05-17 13:26:49.612386,1792,33,High-Risk Stagnant
USER_0099,2026-06-15 13:26:49.612477,1692,4,Healthy Idle
USER_0100,2026-06-06 13:26:49.612538,2349,13,Healthy Idle
USER_0101,2026-06-14 13:26:49.612628,1807,5,Healthy Idle
USER_0102,2026-05-24 13:26:49.612666,419,26,At-Risk
USER_0103,2026-06-15 13:26:49.612721,1003,4,Healthy Idle
USER_0104,2026-06-18 13:26:49.612802,2634,1,Healthy Idle
USER_0105,2026-06-09 13:26:49.612841,2223,10,Healthy Idle
USER_0106,2026-04-21 13:26:49.612922,650,59,High-Risk Stagnant
USER_0107,2026-06-11 13:26:49.612960,886,8,Healthy Idle
USER_0108,2026-06-19 13:26:49.613088,2130,0,Healthy Idle
USER_0109,2026-05-30 13:26:49.613120,1136,20,At-Risk
USER_0110,2026-06-18 13:26:49.613195,2629,1,Healthy Idle
USER_0111,2026-05-08 13:26:49.613226,442,42,High-Risk Stagnant
USER_0112,2026-05-26 13:26:49.613247,802,24,At-Risk
USER_0113,2026-05-29 13:26:49.613293,1456,21,At-Risk
USER_0114,2026-05-02 13:26:49.613331,1347,48,High-Risk Stagnant
USER_0115,2026-06-19 13:26:49.613371,2413,0,Healthy Idle
USER_0116,2026-06-19 13:26:49.613485,1948,0,Healthy Idle
USER_0117,2026-06-17 13:26:49.613505,2067,2,Healthy Idle
USER_0118,2026-06-12 13:26:49.613611,1917,7,Healthy Idle
USER_0119,2026-06-04 13:26:49.613654,2368,15,At-Risk
USER_0120,2026-06-19 13:26:49.613755,636,0,Healthy Idle
USER_0121,2026-06-18 13:26:49.613775,633,1,Healthy Idle
USER_0122,2026-06-11 13:26:49.613812,1745,8,Healthy Idle
USER_0123,2026-06-11 13:26:49.613884,1494,8,Healthy Idle
USER_0124,2026-05-25 13:26:49.613929,1166,25,At-Risk
USER_0125,2026-05-10 13:26:49.613978,462,40,High-Risk Stagnant
USER_0126,2026-06-03 13:26:49.613990,649,16,At-Risk
USER_0127,2026-06-10 13:26:49.614074,2842,9,Healthy Idle
USER_0128,2026-06-18 13:26:49.614112,1776,1,Healthy Idle
USER_0129,2026-05-31 13:26:49.614229,1903,19,At-Risk
USER_0130,2026-05-11 13:26:49.614267,216,39,High-Risk Stagnant
USER_0131,2026-03-23 13:26:49.614279,60,88,High-Risk Stagnant
USER_0132,2026-06-17 13:26:49.614311,2734,2,Healthy Idle
USER_0133,2026-06-12 13:26:49.614400,2187,7,Healthy Idle
USER_0134,2026-06-05 13:26:49.614455,325,14,Healthy Idle
USER_0135,2026-06-13 13:26:49.614536,2480,6,Healthy Idle
USER_0136,2026-04-22 13:26:49.614557,436,58,High-Risk Stagnant
USER_0137,2026-06-03 13:26:49.614595,1088,16,At-Risk
USER_0138,2026-06-17 13:26:49.614624,1015,2,Healthy Idle
USER_0139,2026-06-16 13:26:49.614662,2164,3,Healthy Idle
USER_0140,2026-06-07 13:26:49.614734,2051,12,Healthy Idle
USER_0141,2026-06-10 13:26:49.614801,2713,9,Healthy Idle
USER_0142,2026-06-08 13:26:49.614929,2431,11,Healthy Idle
USER_0143,2026-05-31 13:26:49.615018,1828,19,At-Risk
USER_0144,2026-06-17 13:26:49.615064,942,2,Healthy Idle
USER_0145,2026-06-11 13:26:49.615102,1075,8,Healthy Idle
USER_0146,2026-06-17 13:26:49.615157,2018,2,Healthy Idle
USER_0147,2026-06-11 13:26:49.615237,856,8,Healthy Idle
USER_0148,2026-06-15 13:26:49.615292,1724,4,Healthy Idle
USER_0149,2026-05-11 13:26:49.615329,1089,39,High-Risk Stagnant
USER_0150,2026-05-11 13:26:49.615367,582,39,High-Risk Stagnant
USER_0151,2026-06-14 13:26:49.615388,215,5,Healthy Idle
USER_0152,2026-05-03 13:26:49.615417,393,47,High-Risk Stagnant
USER_0153,2026-06-13 13:26:49.615454,1889,6,Healthy Idle
USER_0154,2026-06-18 13:26:49.615520,1436,1,Healthy Idle
USER_0155,2026-06-03 13:26:49.615577,3562,16,At-Risk
USER_0156,2026-06-08 13:26:49.615698,1185,11,Healthy Idle
USER_0157,2026-06-10 13:26:49.615710,373,9,Healthy Idle
USER_0158,2026-05-29 13:26:49.615724,473,21,At-Risk
USER_0159,2026-06-06 13:26:49.615745,1856,13,Healthy Idle
USER_0160,2026-05-05 13:26:49.615829,307,45,High-Risk Stagnant
USER_0161,2026-06-07 13:26:49.615850,1012,12,Healthy Idle
USER_0162,2026-05-19 13:26:49.615880,637,31,High-Risk Stagnant
USER_0163,2026-05-30 13:26:49.615934,774,20,At-Risk
USER_0164,2026-06-17 13:26:49.615972,1316,2,Healthy Idle
USER_0165,2026-06-08 13:26:49.616027,1862,11,Healthy Idle
USER_0166,2026-05-05 13:26:49.616084,1491,45,High-Risk Stagnant
USER_0167,2026-06-18 13:26:49.616200,2864,1,Healthy Idle
USER_0168,2026-06-09 13:26:49.616263,1980,10,Healthy Idle
USER_0169,2026-06-09 13:26:49.616293,1626,10,Healthy Idle
USER_0170,2026-06-18 13:26:49.616376,1371,1,Healthy Idle
USER_0171,2026-04-04 13:26:49.616396,115,76,High-Risk Stagnant
USER_0172,2026-06-14 13:26:49.616477,1783,5,Healthy Idle
USER_0173,2026-04-09 13:26:49.616506,440,71,High-Risk Stagnant
USER_0174,2026-06-16 13:26:49.616544,1164,3,Healthy Idle
USER_0175,2026-06-17 13:26:49.616565,1913,2,Healthy Idle
USER_0176,2026-05-19 13:26:49.616656,1830,31,High-Risk Stagnant
USER_0177,2026-05-23 13:26:49.616714,1091,27,At-Risk
USER_0178,2026-06-13 13:26:49.616743,331,6,Healthy Idle
USER_0179,2026-03-27 13:26:49.616755,158,84,High-Risk Stagnant
USER_0180,2026-06-16 13:26:49.616787,2756,3,Healthy Idle
USER_0181,2026-06-08 13:26:49.616868,1946,11,Healthy Idle
USER_0182,2026-06-18 13:26:49.616974,2098,1,Healthy Idle
USER_0183,2026-06-19 13:26:49.617089,1824,0,Healthy Idle
USER_0184,2026-06-12 13:26:49.617101,516,7,Healthy Idle
USER_0185,2026-05-23 13:26:49.617177,2724,27,At-Risk
USER_0186,2026-06-19 13:26:49.617232,923,0,Healthy Idle
USER_0187,2026-04-30 13:26:49.617264,205,50,High-Risk Stagnant
USER_0188,2026-05-31 13:26:49.617276,2703,19,At-Risk
USER_0189,2026-06-15 13:26:49.617410,2189,4,Healthy Idle
USER_0190,2026-04-16 13:26:49.617431,736,64,High-Risk Stagnant
USER_0191,2026-06-01 13:26:49.617520,2319,18,At-Risk
USER_0192,2026-05-03 13:26:49.617541,1535,47,High-Risk Stagnant
USER_0193,2026-05-10 13:26:49.617587,88,40,High-Risk Stagnant
USER_0194,2026-06-16 13:26:49.617616,2294,3,Healthy Idle
USER_0195,2026-06-05 13:26:49.617702,1397,14,Healthy Idle
USER_0196,2026-05-16 13:26:49.617731,427,34,High-Risk Stagnant
USER_0197,2026-06-11 13:26:49.617778,1416,8,Healthy Idle
USER_0198,2026-06-08 13:26:49.617824,2119,11,Healthy Idle
USER_0199,2026-06-05 13:26:49.617907,2179,14,Healthy Idle
USER_0200,2026-06-05 13:26:49.617928,737,14,Healthy Idle
USER_0201,2026-04-13 13:26:49.618017,875,67,High-Risk Stagnant
USER_0202,2026-06-12 13:26:49.618056,1239,7,Healthy Idle
USER_0203,2026-06-18 13:26:49.618076,563,1,Healthy Idle
USER_0204,2026-06-07 13:26:49.618123,2832,12,Healthy Idle
USER_0205,2026-06-07 13:26:49.618224,2202,12,Healthy Idle
USER_0206,2026-06-05 13:26:49.618262,1142,14,Healthy Idle
USER_0207,2026-06-02 13:26:49.618343,2218,17,At-Risk
USER_0208,2026-06-09 13:26:49.618683,1155,10,Healthy Idle
USER_0209,2026-06-13 13:26:49.618730,2565,6,Healthy Idle
USER_0210,2026-06-01 13:26:49.618789,1616,18,At-Risk
USER_0211,2026-04-11 13:26:49.618852,424,69,High-Risk Stagnant
USER_0212,2026-06-18 13:26:49.618881,1924,1,Healthy Idle
USER_0213,2026-05-07 13:26:49.618927,963,43,High-Risk Stagnant
USER_0214,2026-06-18 13:26:49.618965,272,1,Healthy Idle
USER_0215,2026-05-16 13:26:49.618977,353,34,High-Risk Stagnant
USER_0216,2026-06-12 13:26:49.618997,2142,7,Healthy Idle
USER_0217,2026-06-17 13:26:49.619097,2875,2,Healthy Idle
USER_0218,2026-06-04 13:26:49.619177,1767,15,At-Risk
USER_0219,2026-06-06 13:26:49.619190,1791,13,Healthy Idle
USER_0220,2026-06-14 13:26:49.619274,1329,5,Healthy Idle
USER_0221,2026-06-08 13:26:49.619320,1107,11,Healthy Idle
USER_0222,2026-06-18 13:26:49.619420,1870,1,Healthy Idle
USER_0223,2026-04-03 13:26:49.619432,530,77,High-Risk Stagnant
USER_0224,2026-06-12 13:26:49.619530,3031,7,Healthy Idle
USER_0225,2026-04-13 13:26:49.619542,91,67,High-Risk Stagnant
USER_0226,2026-06-14 13:26:49.619580,1334,5,Healthy Idle
USER_0227,2026-04-21 13:26:49.619600,436,59,High-Risk Stagnant
USER_0228,2026-06-15 13:26:49.619621,860,4,Healthy Idle
USER_0229,2026-05-20 13:26:49.619666,511,30,At-Risk
USER_0230,2026-06-16 13:26:49.619730,1770,3,Healthy Idle
USER_0231,2026-05-13 13:26:49.619768,992,37,High-Risk Stagnant
USER_0232,2026-06-13 13:26:49.619797,395,6,Healthy Idle
USER_0233,2026-06-18 13:26:49.619835,1481,1,Healthy Idle
USER_0234,2026-06-15 13:26:49.619947,1804,4,Healthy Idle
USER_0235,2026-04-29 13:26:49.620031,1053,51,High-Risk Stagnant
USER_0236,2026-06-07 13:26:49.620097,1083,12,Healthy Idle
USER_0237,2026-06-19 13:26:49.620126,1925,0,Healthy Idle
USER_0238,2026-06-12 13:26:49.620193,641,7,Healthy Idle
USER_0239,2026-04-02 13:26:49.620214,400,78,High-Risk Stagnant
USER_0240,2026-06-12 13:26:49.620260,1555,7,Healthy Idle
USER_0241,2026-06-15 13:26:49.620307,645,4,Healthy Idle
USER_0242,2026-06-13 13:26:49.620345,1607,6,Healthy Idle
USER_0243,2026-06-15 13:26:49.620366,2701,4,Healthy Idle
USER_0244,2026-06-18 13:26:49.620490,2326,1,Healthy Idle
USER_0245,2026-06-09 13:26:49.620537,281,10,Healthy Idle
USER_0246,2026-06-02 13:26:49.620557,2351,17,At-Risk
USER_0247,2026-05-30 13:26:49.620630,482,20,At-Risk
USER_0248,2026-06-13 13:26:49.620705,2342,6,Healthy Idle
USER_0249,2026-05-29 13:26:49.620735,2613,21,At-Risk
USER_0250,2026-06-01 13:26:49.620854,942,18,At-Risk
USER_0251,2026-06-15 13:26:49.620909,1509,4,Healthy Idle
USER_0252,2026-05-30 13:26:49.620947,392,20,At-Risk
USER_0253,2026-06-07 13:26:49.620979,1438,12,Healthy Idle
USER_0254,2026-06-16 13:26:49.621078,1628,3,Healthy Idle
USER_0255,2026-06-16 13:26:49.621133,1826,3,Healthy Idle
USER_0256,2026-06-16 13:26:49.621438,1453,3,Healthy Idle
USER_0257,2026-06-01 13:26:49.621495,217,18,At-Risk
USER_0258,2026-05-27 13:26:49.621569,831,23,At-Risk
USER_0259,2026-06-03 13:26:49.621737,2387,16,At-Risk
USER_0260,2026-06-05 13:26:49.621790,987,14,Healthy Idle
USER_0261,2026-06-11 13:26:49.621827,1494,8,Healthy Idle
USER_0262,2026-05-09 13:26:49.621940,791,41,High-Risk Stagnant
USER_0263,2026-06-16 13:26:49.622055,595,3,Healthy Idle
USER_0264,2026-05-27 13:26:49.622107,1825,23,At-Risk
USER_0265,2026-05-27 13:26:49.622202,1432,23,At-Risk
USER_0266,2026-06-10 13:26:49.622300,1620,9,Healthy Idle
USER_0267,2026-04-25 13:26:49.622383,640,55,High-Risk Stagnant
USER_0268,2026-06-13 13:26:49.622450,69,6,Healthy Idle
USER_0269,2026-05-19 13:26:49.622472,394,31,High-Risk Stagnant
USER_0270,2026-06-06 13:26:49.622558,2041,13,Healthy Idle
USER_0271,2026-06-08 13:26:49.622689,1618,11,Healthy Idle
USER_0272,2026-04-13 13:26:49.622726,467,67,High-Risk Stagnant
USER_0273,2026-05-27 13:26:49.622778,1203,23,At-Risk
USER_0274,2026-04-11 13:26:49.622897,590,69,High-Risk Stagnant
USER_0275,2026-04-07 13:26:49.622920,340,73,High-Risk Stagnant
USER_0276,2026-06-18 13:26:49.622944,674,1,Healthy Idle
USER_0277,2026-06-10 13:26:49.623100,1308,9,Healthy Idle
USER_0278,2026-06-06 13:26:49.623289,1511,13,Healthy Idle
USER_0279,2026-06-17 13:26:49.623387,1888,2,Healthy Idle
USER_0280,2026-06-12 13:26:49.623502,2392,7,Healthy Idle
USER_0281,2026-06-18 13:26:49.623581,2409,1,Healthy Idle
USER_0282,2026-06-12 13:26:49.623631,100,7,Healthy Idle
USER_0283,2026-06-16 13:26:49.623643,1185,3,Healthy Idle
USER_0284,2026-06-16 13:26:49.623725,1535,3,Healthy Idle
USER_0285,2026-06-17 13:26:49.623756,2694,2,Healthy Idle
USER_0286,2026-06-09 13:26:49.623868,2671,10,Healthy Idle
USER_0287,2026-03-27 13:26:49.623952,162,84,High-Risk Stagnant
USER_0288,2026-05-17 13:26:49.623965,1223,33,High-Risk Stagnant
USER_0289,2026-06-09 13:26:49.624030,2125,10,Healthy Idle
USER_0290,2026-05-11 13:26:49.624080,729,39,High-Risk Stagnant
USER_0291,2026-06-19 13:26:49.624113,1714,0,Healthy Idle
USER_0292,2026-06-06 13:26:49.624224,1716,13,Healthy Idle
USER_0293,2026-06-14 13:26:49.624272,1502,5,Healthy Idle
USER_0294,2026-05-26 13:26:49.624348,1459,24,At-Risk
USER_0295,2026-06-06 13:26:49.624361,1704,13,Healthy Idle
USER_0296,2026-06-06 13:26:49.624507,2326,13,Healthy Idle
USER_0297,2026-06-12 13:26:49.624546,1428,7,Healthy Idle
USER_0298,2026-06-09 13:26:49.624606,1704,10,Healthy Idle
USER_0299,2026-05-18 13:26:49.624654,1278,32,High-Risk Stagnant
USER_0300,2026-06-01 13:26:49.624750,1513,18,At-Risk
USER_0301,2026-06-16 13:26:49.624797,1675,3,Healthy Idle
USER_0302,2026-06-19 13:26:49.624888,2017,0,Healthy Idle
USER_0303,2026-06-14 13:26:49.624941,1811,5,Healthy Idle
USER_0304,2026-05-16 13:26:49.624991,3081,34,High-Risk Stagnant
USER_0305,2026-06-11 13:26:49.625093,1324,8,Healthy Idle
USER_0306,2026-06-03 13:26:49.625114,2337,16,At-Risk
USER_0307,2026-05-11 13:26:49.625200,107,39,High-Risk Stagnant
USER_0308,2026-06-08 13:26:49.625229,959,11,Healthy Idle
USER_0309,2026-05-06 13:26:49.625244,89,44,High-Risk Stagnant
USER_0310,2026-05-26 13:26:49.625265,1912,24,At-Risk
USER_0311,2026-05-18 13:26:49.625329,449,32,High-Risk Stagnant
USER_0312,2026-06-01 13:26:49.625350,1257,18,At-Risk
USER_0313,2026-04-05 13:26:49.625379,377,75,High-Risk Stagnant
USER_0314,2026-06-05 13:26:49.625392,581,14,Healthy Idle
USER_0315,2026-06-17 13:26:49.625484,2010,2,Healthy Idle
USER_0316,2026-06-18 13:26:49.625506,1508,1,Healthy Idle
USER_0317,2026-05-06 13:26:49.625579,1128,44,High-Risk Stagnant
USER_0318,2026-05-27 13:26:49.625618,1001,23,At-Risk
USER_0319,2026-05-15 13:26:49.625647,472,35,High-Risk Stagnant
USER_0320,2026-05-28 13:26:49.625720,2391,22,At-Risk
USER_0321,2026-05-18 13:26:49.625751,1597,32,High-Risk Stagnant
USER_0322,2026-05-04 13:26:49.625807,147,46,High-Risk Stagnant
USER_0323,2026-05-22 13:26:49.625823,1028,28,At-Risk
USER_0324,2026-05-13 13:26:49.625875,63,37,High-Risk Stagnant
USER_0325,2026-06-16 13:26:49.625937,877,3,Healthy Idle
USER_0326,2026-04-12 13:26:49.625949,855,68,High-Risk Stagnant
USER_0327,2026-06-16 13:26:49.625979,626,3,Healthy Idle
USER_0328,2026-06-14 13:26:49.626018,1931,5,Healthy Idle
USER_0329,2026-06-14 13:26:49.626065,987,5,Healthy Idle
USER_0330,2026-06-03 13:26:49.626104,735,16,At-Risk
USER_0331,2026-03-26 13:26:49.626152,742,85,High-Risk Stagnant
USER_0332,2026-05-19 13:26:49.626181,710,31,High-Risk Stagnant
USER_0333,2026-03-27 13:26:49.626202,429,84,High-Risk Stagnant
USER_0334,2026-06-19 13:26:49.626237,1116,0,Healthy Idle
USER_0335,2026-06-09 13:26:49.626267,755,10,Healthy Idle
USER_0336,2026-05-27 13:26:49.626306,600,23,At-Risk
USER_0337,2026-05-23 13:26:49.626335,497,27,At-Risk
USER_0338,2026-05-15 13:26:49.626348,373,35,High-Risk Stagnant
USER_0339,2026-06-09 13:26:49.626372,445,10,Healthy Idle
USER_0340,2026-06-15 13:26:49.626411,1328,4,Healthy Idle
USER_0341,2026-06-01 13:26:49.626451,153,18,At-Risk
USER_0342,2026-05-28 13:26:49.626517,1211,22,At-Risk
USER_0343,2026-06-16 13:26:49.626604,2372,3,Healthy Idle
USER_0344,2026-04-09 13:26:49.626676,146,71,High-Risk Stagnant
USER_0345,2026-05-29 13:26:49.626732,1694,21,At-Risk
USER_0346,2026-05-30 13:26:49.626774,1841,20,At-Risk
USER_0347,2026-05-04 13:26:49.626821,668,46,High-Risk Stagnant
USER_0348,2026-06-13 13:26:49.626851,376,6,Healthy Idle
USER_0349,2026-05-15 13:26:49.626863,24,35,High-Risk Stagnant
USER_0350,2026-06-19 13:26:49.626876,1179,0,Healthy Idle
USER_0351,2026-05-15 13:26:49.626931,34,35,High-Risk Stagnant
USER_0352,2026-05-28 13:26:49.626955,367,22,At-Risk
USER_0353,2026-06-16 13:26:49.626984,874,3,Healthy Idle
USER_0354,2026-06-06 13:26:49.627035,1097,13,Healthy Idle
USER_0355,2026-06-04 13:26:49.627104,1593,15,At-Risk
USER_0356,2026-06-12 13:26:49.627160,2228,7,Healthy Idle
USER_0357,2026-06-01 13:26:49.627241,935,18,At-Risk
USER_0358,2026-06-16 13:26:49.627362,2416,3,Healthy Idle
USER_0359,2026-06-12 13:26:49.627375,2229,7,Healthy Idle
USER_0360,2026-05-25 13:26:49.627439,273,25,At-Risk
USER_0361,2026-05-13 13:26:49.627451,1530,37,High-Risk Stagnant
USER_0362,2026-06-01 13:26:49.627516,2138,18,At-Risk
USER_0363,2026-05-14 13:26:49.627590,1282,36,High-Risk Stagnant
USER_0364,2026-04-21 13:26:49.627620,474,59,High-Risk Stagnant
USER_0365,2026-06-09 13:26:49.627697,1757,10,Healthy Idle
USER_0366,2026-06-08 13:26:49.627744,1260,11,Healthy Idle
USER_0367,2026-06-07 13:26:49.627816,2458,12,Healthy Idle
USER_0368,2026-06-13 13:26:49.627903,1589,6,Healthy Idle
USER_0369,2026-06-07 13:26:49.627972,1990,12,Healthy Idle
USER_0370,2026-04-27 13:26:49.627985,137,53,High-Risk Stagnant
USER_0371,2026-05-27 13:26:49.628031,745,23,At-Risk
USER_0372,2026-06-17 13:26:49.628069,1648,2,Healthy Idle
USER_0373,2026-05-26 13:26:49.628107,2455,24,At-Risk
USER_0374,2026-06-14 13:26:49.628207,2016,5,Healthy Idle
USER_0375,2026-06-12 13:26:49.628301,1226,7,Healthy Idle
USER_0376,2026-06-16 13:26:49.628340,1468,3,Healthy Idle
USER_0377,2026-06-16 13:26:49.628396,2262,3,Healthy Idle
USER_0378,2026-06-10 13:26:49.628496,2180,9,Healthy Idle
USER_0379,2026-06-15 13:26:49.628616,1215,4,Healthy Idle
USER_0380,2026-05-24 13:26:49.628654,1053,26,At-Risk
USER_0381,2026-06-17 13:26:49.628727,2536,2,Healthy Idle
USER_0382,2026-03-31 13:26:49.628756,239,80,High-Risk Stagnant
USER_0383,2026-06-09 13:26:49.628769,841,10,Healthy Idle
USER_0384,2026-05-10 13:26:49.628797,1577,40,High-Risk Stagnant
USER_0385,2026-06-14 13:26:49.628892,1512,5,Healthy Idle
USER_0386,2026-06-03 13:26:49.628913,408,16,At-Risk
USER_0387,2026-06-12 13:26:49.628943,386,7,Healthy Idle
USER_0388,2026-06-12 13:26:49.628956,2322,7,Healthy Idle
USER_0389,2026-05-29 13:26:49.629075,1130,21,At-Risk
USER_0390,2026-06-11 13:26:49.629113,836,8,Healthy Idle
USER_0391,2026-06-19 13:26:49.629139,1410,0,Healthy Idle
USER_0392,2026-06-02 13:26:49.629204,172,17,At-Risk
USER_0393,2026-06-19 13:26:49.629242,673,0,Healthy Idle
USER_0394,2026-06-15 13:26:49.629289,2543,4,Healthy Idle
USER_0395,2026-06-01 13:26:49.629362,487,18,At-Risk
USER_0396,2026-06-15 13:26:49.629392,1699,4,Healthy Idle
USER_0397,2026-06-05 13:26:49.629456,1270,14,Healthy Idle
USER_0398,2026-06-19 13:26:49.629469,1108,0,Healthy Idle
USER_0399,2026-06-16 13:26:49.629518,3231,3,Healthy Idle
USER_0400,2026-06-17 13:26:49.629645,2014,2,Healthy Idle
USER_0401,2026-05-26 13:26:49.629727,2211,24,At-Risk
USER_0402,2026-06-11 13:26:49.629834,1739,8,Healthy Idle
USER_0403,2026-06-05 13:26:49.629927,1515,14,Healthy Idle
USER_0404,2026-05-28 13:26:49.629948,1448,22,At-Risk
USER_0405,2026-06-17 13:26:49.630021,1442,2,Healthy Idle
USER_0406,2026-05-19 13:26:49.630085,2065,31,High-Risk Stagnant
USER_0407,2026-06-16 13:26:49.630148,2742,3,Healthy Idle
USER_0408,2026-06-01 13:26:49.630221,1038,18,At-Risk
USER_0409,2026-06-04 13:26:49.630321,2016,15,At-Risk
USER_0410,2026-06-08 13:26:49.630350,951,11,Healthy Idle
USER_0411,2026-06-15 13:26:49.630391,1305,4,Healthy Idle
USER_0412,2026-06-01 13:26:49.630429,1149,18,At-Risk
USER_0413,2026-06-07 13:26:49.630467,1792,12,Healthy Idle
USER_0414,2026-06-14 13:26:49.630583,1597,5,Healthy Idle
USER_0415,2026-05-23 13:26:49.630595,1884,27,At-Risk
USER_0416,2026-04-05 13:26:49.630642,70,75,High-Risk Stagnant
USER_0417,2026-06-10 13:26:49.630654,388,9,Healthy Idle
USER_0418,2026-05-31 13:26:49.630753,2486,19,At-Risk
USER_0419,2026-04-28 13:26:49.630783,1184,52,High-Risk Stagnant
USER_0420,2026-06-10 13:26:49.630812,1168,9,Healthy Idle
USER_0421,2026-06-10 13:26:49.630868,1176,9,Healthy Idle
USER_0422,2026-05-30 13:26:49.630898,1319,20,At-Risk
USER_0423,2026-06-19 13:26:49.630962,994,0,Healthy Idle
USER_0424,2026-06-05 13:26:49.631052,1468,14,Healthy Idle
USER_0425,2026-06-03 13:26:49.631082,1496,16,At-Risk
USER_0426,2026-05-11 13:26:49.631204,1944,39,High-Risk Stagnant
USER_0427,2026-06-01 13:26:49.631279,289,18,At-Risk
USER_0428,2026-06-14 13:26:49.631336,2051,5,Healthy Idle
USER_0429,2026-04-27 13:26:49.631366,36,53,High-Risk Stagnant
USER_0430,2026-06-18 13:26:49.631395,2685,1,Healthy Idle
USER_0431,2026-06-19 13:26:49.631528,2031,0,Healthy Idle
USER_0432,2026-05-30 13:26:49.631558,1411,20,At-Risk
USER_0433,2026-04-25 13:26:49.631624,782,55,High-Risk Stagnant
USER_0434,2026-06-15 13:26:49.631688,1563,4,Healthy Idle
USER_0435,2026-06-15 13:26:49.631761,2893,4,Healthy Idle
USER_0436,2026-05-22 13:26:49.631807,1006,28,At-Risk
USER_0437,2026-06-03 13:26:49.631845,924,16,At-Risk
USER_0438,2026-06-14 13:26:49.631866,983,5,Healthy Idle
USER_0439,2026-06-10 13:26:49.631921,2079,9,Healthy Idle
USER_0440,2026-06-11 13:26:49.632005,2735,8,Healthy Idle
USER_0441,2026-05-17 13:26:49.632080,92,33,High-Risk Stagnant
USER_0442,2026-04-17 13:26:49.632092,316,63,High-Risk Stagnant
USER_0443,2026-06-07 13:26:49.632122,1481,12,Healthy Idle
USER_0444,2026-04-19 13:26:49.632175,16,61,High-Risk Stagnant
USER_0445,2026-06-17 13:26:49.632187,2054,2,Healthy Idle
USER_0446,2026-06-01 13:26:49.632285,992,18,At-Risk
USER_0447,2026-06-17 13:26:49.632306,2103,2,Healthy Idle
USER_0448,2026-05-06 13:26:49.632397,680,44,High-Risk Stagnant
USER_0449,2026-06-17 13:26:49.632444,1135,2,Healthy Idle
USER_0450,2026-06-18 13:26:49.632507,1433,1,Healthy Idle
USER_0451,2026-05-03 13:26:49.632547,614,47,High-Risk Stagnant
USER_0452,2026-06-12 13:26:49.632559,1352,7,Healthy Idle
USER_0453,2026-06-17 13:26:49.632666,2672,2,Healthy Idle
USER_0454,2026-06-07 13:26:49.632713,1102,12,Healthy Idle
USER_0455,2026-06-04 13:26:49.632725,1471,15,At-Risk
USER_0456,2026-03-22 13:26:49.632781,1,89,High-Risk Stagnant
USER_0457,2026-06-08 13:26:49.632793,648,11,Healthy Idle
USER_0458,2026-04-19 13:26:49.632822,516,61,High-Risk Stagnant
USER_0459,2026-06-13 13:26:49.632899,3032,6,Healthy Idle
USER_0460,2026-05-28 13:26:49.632929,1404,22,At-Risk
USER_0461,2026-05-23 13:26:49.632967,391,27,At-Risk
USER_0462,2026-05-14 13:26:49.632980,62,36,High-Risk Stagnant
USER_0463,2026-06-15 13:26:49.633018,1434,4,Healthy Idle
USER_0464,2026-06-12 13:26:49.633090,2696,7,Healthy Idle
USER_0465,2026-06-07 13:26:49.633162,3510,12,Healthy Idle
USER_0466,2026-05-27 13:26:49.633240,1844,23,At-Risk
USER_0467,2026-06-10 13:26:49.633304,658,9,Healthy Idle
USER_0468,2026-06-09 13:26:49.633386,2112,10,Healthy Idle
USER_0469,2026-04-26 13:26:49.633398,217,54,High-Risk Stagnant
USER_0470,2026-06-16 13:26:49.633436,1317,3,Healthy Idle
USER_0471,2026-05-24 13:26:49.633466,263,26,At-Risk
USER_0472,2026-06-15 13:26:49.633504,2247,4,Healthy Idle
USER_0473,2026-06-16 13:26:49.633560,1693,3,Healthy Idle
USER_0474,2026-05-18 13:26:49.633623,416,32,High-Risk Stagnant
USER_0475,2026-06-07 13:26:49.633700,1899,12,Healthy Idle
USER_0476,2026-06-12 13:26:49.633848,1383,7,Healthy Idle
USER_0477,2026-03-28 13:26:49.633887,115,83,High-Risk Stagnant
USER_0478,2026-06-13 13:26:49.633940,2266,6,Healthy Idle
USER_0479,2026-06-08 13:26:49.634067,2057,11,Healthy Idle
USER_0480,2026-06-09 13:26:49.634096,2346,10,Healthy Idle
USER_0481,2026-06-10 13:26:49.634242,1481,9,Healthy Idle
USER_0482,2026-06-16 13:26:49.634280,1136,3,Healthy Idle
USER_0483,2026-06-18 13:26:49.634319,2591,1,Healthy Idle
USER_0484,2026-06-11 13:26:49.634409,1490,8,Healthy Idle
USER_0485,2026-06-05 13:26:49.634447,105,14,Healthy Idle
USER_0486,2026-06-11 13:26:49.634477,1033,8,Healthy Idle
USER_0487,2026-06-04 13:26:49.634551,1685,15,At-Risk
USER_0488,2026-06-14 13:26:49.634598,2316,5,Healthy Idle
USER_0489,2026-06-17 13:26:49.634681,1893,2,Healthy Idle
USER_0490,2026-06-10 13:26:49.634736,1476,9,Healthy Idle
USER_0491,2026-05-10 13:26:49.634791,1454,40,High-Risk Stagnant
USER_0492,2026-06-16 13:26:49.634821,1281,3,Healthy Idle
USER_0493,2026-06-19 13:26:49.634875,398,0,Healthy Idle
USER_0494,2026-05-27 13:26:49.634888,57,23,At-Risk
USER_0495,2026-06-18 13:26:49.634963,2393,1,Healthy Idle
USER_0496,2026-06-07 13:26:49.634984,380,12,Healthy Idle
USER_0497,2026-05-08 13:26:49.635005,736,42,High-Risk Stagnant
USER_0498,2026-06-05 13:26:49.635034,1673,14,Healthy Idle
USER_0499,2026-06-19 13:26:49.635090,947,0,Healthy Idle
USER_0500,2026-05-19 13:26:49.635122,631,31,High-Risk Stagnant
USER_0501,2026-04-03 13:26:49.635134,440,77,High-Risk Stagnant
USER_0502,2026-06-09 13:26:49.635187,1868,10,Healthy Idle
USER_0503,2026-06-14 13:26:49.635241,1412,5,Healthy Idle
USER_0504,2026-06-09 13:26:49.635287,768,10,Healthy Idle
USER_0505,2026-05-30 13:26:49.635299,114,20,At-Risk
USER_0506,2026-04-18 13:26:49.635311,461,62,High-Risk Stagnant
USER_0507,2026-06-14 13:26:49.635332,146,5,Healthy Idle
USER_0508,2026-05-23 13:26:49.635344,1814,27,At-Risk
USER_0509,2026-04-21 13:26:49.635415,493,59,High-Risk Stagnant
USER_0510,2026-06-19 13:26:49.635447,959,0,Healthy Idle
USER_0511,2026-05-03 13:26:49.635459,754,47,High-Risk Stagnant
USER_0512,2026-06-16 13:26:49.635488,2132,3,Healthy Idle
USER_0513,2026-05-31 13:26:49.635568,845,19,At-Risk
USER_0514,2026-06-15 13:26:49.635597,1258,4,Healthy Idle
USER_0515,2026-06-19 13:26:49.635703,2756,0,Healthy Idle
USER_0516,2026-05-13 13:26:49.635768,1315,37,High-Risk Stagnant
USER_0517,2026-06-15 13:26:49.635808,2323,4,Healthy Idle
USER_0518,2026-06-10 13:26:49.635871,840,9,Healthy Idle
USER_0519,2026-06-18 13:26:49.635951,1424,1,Healthy Idle
USER_0520,2026-05-21 13:26:49.635972,2409,29,At-Risk
USER_0521,2026-06-19 13:26:49.636085,2600,0,Healthy Idle
USER_0522,2026-05-29 13:26:49.636123,165,21,At-Risk
USER_0523,2026-06-03 13:26:49.636157,197,16,At-Risk
USER_0524,2026-06-14 13:26:49.636203,1628,5,Healthy Idle
USER_0525,2026-06-14 13:26:49.636268,1626,5,Healthy Idle
USER_0526,2026-06-14 13:26:49.636325,2178,5,Healthy Idle
USER_0527,2026-06-05 13:26:49.636379,1803,14,Healthy Idle
USER_0528,2026-06-07 13:26:49.636476,2107,12,Healthy Idle
USER_0529,2026-06-16 13:26:49.636539,1022,3,Healthy Idle
USER_0530,2026-06-17 13:26:49.636568,2970,2,Healthy Idle
USER_0531,2026-06-02 13:26:49.636643,1680,17,At-Risk
USER_0532,2026-06-16 13:26:49.636706,970,3,Healthy Idle
USER_0533,2026-06-16 13:26:49.636794,2700,3,Healthy Idle
USER_0534,2026-06-17 13:26:49.636866,1558,2,Healthy Idle
USER_0535,2026-06-06 13:26:49.636887,1164,13,Healthy Idle
USER_0536,2026-06-10 13:26:49.637014,1847,9,Healthy Idle
USER_0537,2026-05-30 13:26:49.637035,1427,20,At-Risk
USER_0538,2026-06-04 13:26:49.637115,2884,15,At-Risk
USER_0539,2026-06-18 13:26:49.637234,1791,1,Healthy Idle
USER_0540,2026-04-18 13:26:49.637353,252,62,High-Risk Stagnant
USER_0541,2026-05-15 13:26:49.637375,468,35,High-Risk Stagnant
USER_0542,2026-06-04 13:26:49.637688,1184,15,At-Risk
USER_0543,2026-06-05 13:26:49.637774,1229,14,Healthy Idle
USER_0544,2026-05-26 13:26:49.637899,1109,24,At-Risk
USER_0545,2026-06-04 13:26:49.637951,368,15,At-Risk
USER_0546,2026-06-01 13:26:49.638013,1326,18,At-Risk
USER_0547,2026-06-01 13:26:49.638116,1465,18,At-Risk
USER_0548,2026-06-16 13:26:49.638184,682,3,Healthy Idle
USER_0549,2026-06-11 13:26:49.638302,1608,8,Healthy Idle
USER_0550,2026-05-20 13:26:49.638563,1968,30,At-Risk
USER_0551,2026-06-10 13:26:49.638619,731,9,Healthy Idle
USER_0552,2026-06-09 13:26:49.638719,1639,10,Healthy Idle
USER_0553,2026-05-04 13:26:49.638807,475,46,High-Risk Stagnant
USER_0554,2026-06-01 13:26:49.638859,1518,18,At-Risk
USER_0555,2026-06-08 13:26:49.638911,1011,11,Healthy Idle
USER_0556,2026-06-04 13:26:49.638963,385,15,At-Risk
USER_0557,2026-06-10 13:26:49.639028,1559,9,Healthy Idle
USER_0558,2026-05-29 13:26:49.639126,1248,21,At-Risk
USER_0559,2026-05-19 13:26:49.639178,794,31,High-Risk Stagnant
USER_0560,2026-06-10 13:26:49.639246,1810,9,Healthy Idle
USER_0561,2026-06-08 13:26:49.639932,1087,11,Healthy Idle
USER_0562,2026-06-10 13:26:49.639966,2029,9,Healthy Idle
USER_0563,2026-05-29 13:26:49.640046,1284,21,At-Risk
USER_0564,2026-05-06 13:26:49.640076,163,44,High-Risk Stagnant
USER_0565,2026-06-04 13:26:49.640105,1080,15,At-Risk
USER_0566,2026-06-08 13:26:49.640163,1459,11,Healthy Idle
USER_0567,2026-06-15 13:26:49.640305,1568,4,Healthy Idle
USER_0568,2026-06-03 13:26:49.640391,2100,16,At-Risk
USER_0569,2026-06-15 13:26:49.640450,2003,4,Healthy Idle
USER_0570,2026-06-19 13:26:49.640505,2045,0,Healthy Idle
USER_0571,2026-06-19 13:26:49.640603,1604,0,Healthy Idle
USER_0572,2026-05-22 13:26:49.640615,346,28,At-Risk
USER_0573,2026-05-18 13:26:49.640644,766,32,High-Risk Stagnant
USER_0574,2026-06-01 13:26:49.640701,602,18,At-Risk
USER_0575,2026-05-25 13:26:49.640782,2464,25,At-Risk
USER_0576,2026-06-09 13:26:49.640863,2909,10,Healthy Idle
USER_0577,2026-05-09 13:26:49.640892,2134,41,High-Risk Stagnant
USER_0578,2026-06-09 13:26:49.640956,2020,10,Healthy Idle
USER_0579,2026-06-16 13:26:49.641045,815,3,Healthy Idle
USER_0580,2026-06-09 13:26:49.641066,2841,10,Healthy Idle
USER_0581,2026-04-14 13:26:49.641155,207,66,High-Risk Stagnant
USER_0582,2026-05-06 13:26:49.641167,937,44,High-Risk Stagnant
USER_0583,2026-06-13 13:26:49.641262,1021,6,Healthy Idle
USER_0584,2026-05-10 13:26:49.641313,329,40,High-Risk Stagnant
USER_0585,2026-06-19 13:26:49.641394,2029,0,Healthy Idle
USER_0586,2026-05-16 13:26:49.641492,195,34,High-Risk Stagnant
USER_0587,2026-06-02 13:26:49.641603,1599,17,At-Risk
USER_0588,2026-05-14 13:26:49.641641,830,36,High-Risk Stagnant
USER_0589,2026-06-19 13:26:49.641738,1768,0,Healthy Idle
USER_0590,2026-06-14 13:26:49.641767,1031,5,Healthy Idle
USER_0591,2026-06-11 13:26:49.641889,3028,8,Healthy Idle
USER_0592,2026-06-17 13:26:49.641955,343,2,Healthy Idle
USER_0593,2026-06-09 13:26:49.642004,925,10,Healthy Idle
USER_0594,2026-06-14 13:26:49.642063,807,5,Healthy Idle
USER_0595,2026-06-06 13:26:49.642131,2298,13,Healthy Idle
USER_0596,2026-06-05 13:26:49.642292,1408,14,Healthy Idle
USER_0597,2026-05-22 13:26:49.642324,732,28,At-Risk
USER_0598,2026-06-16 13:26:49.642499,1223,3,Healthy Idle
USER_0599,2026-06-11 13:26:49.642569,1360,8,Healthy Idle
USER_0600,2026-06-10 13:26:49.642665,1343,9,Healthy Idle
USER_0601,2026-06-14 13:26:49.642791,2727,5,Healthy Idle
USER_0602,2026-04-22 13:26:49.642849,883,58,High-Risk Stagnant
USER_0603,2026-06-11 13:26:49.642887,495,8,Healthy Idle
USER_0604,2026-06-12 13:26:49.642934,994,7,Healthy Idle
USER_0605,2026-05-31 13:26:49.643060,1458,19,At-Risk
USER_0606,2026-06-01 13:26:49.643160,236,18,At-Risk
USER_0607,2026-06-06 13:26:49.643191,1631,13,Healthy Idle
USER_0608,2026-06-01 13:26:49.643254,2127,18,At-Risk
USER_0609,2026-05-13 13:26:49.643377,411,37,High-Risk Stagnant
USER_0610,2026-06-04 13:26:49.643411,1393,15,At-Risk
USER_0611,2026-06-02 13:26:49.643560,2128,17,At-Risk
USER_0612,2026-05-30 13:26:49.643572,312,20,At-Risk
USER_0613,2026-06-13 13:26:49.643629,1584,6,Healthy Idle
USER_0614,2026-06-11 13:26:49.643650,1148,8,Healthy Idle
USER_0615,2026-06-03 13:26:49.643706,666,16,At-Risk
USER_0616,2026-06-19 13:26:49.643817,2415,0,Healthy Idle
USER_0617,2026-06-04 13:26:49.643866,2708,15,At-Risk
USER_0618,2026-05-06 13:26:49.643925,513,44,High-Risk Stagnant
USER_0619,2026-06-10 13:26:49.643966,1599,9,Healthy Idle
USER_0620,2026-06-16 13:26:49.644031,1327,3,Healthy Idle
USER_0621,2026-06-18 13:26:49.644079,1133,1,Healthy Idle
USER_0622,2026-06-09 13:26:49.644128,1806,10,Healthy Idle
USER_0623,2026-05-22 13:26:49.644291,2010,28,At-Risk
USER_0624,2026-05-26 13:26:49.644379,206,24,At-Risk
USER_0625,2026-04-26 13:26:49.644551,2553,54,High-Risk Stagnant
USER_0626,2026-06-13 13:26:49.644596,1555,6,Healthy Idle
USER_0627,2026-06-13 13:26:49.644719,845,6,Healthy Idle
USER_0628,2026-05-27 13:26:49.644845,2408,23,At-Risk
USER_0629,2026-05-03 13:26:49.645183,971,47,High-Risk Stagnant
USER_0630,2026-06-19 13:26:49.645254,1362,0,Healthy Idle
USER_0631,2026-06-19 13:26:49.645306,729,0,Healthy Idle
USER_0632,2026-05-18 13:26:49.645386,2035,32,High-Risk Stagnant
USER_0633,2026-05-03 13:26:49.645444,388,47,High-Risk Stagnant
USER_0634,2026-06-06 13:26:49.645465,1305,13,Healthy Idle
USER_0635,2026-05-27 13:26:49.645504,115,23,At-Risk
USER_0636,2026-06-12 13:26:49.645588,1023,7,Healthy Idle
USER_0637,2026-04-19 13:26:49.645600,893,61,High-Risk Stagnant
USER_0638,2026-06-07 13:26:49.645631,1056,12,Healthy Idle
USER_0639,2026-05-20 13:26:49.645678,645,30,At-Risk
USER_0640,2026-06-12 13:26:49.645698,1899,7,Healthy Idle
USER_0641,2026-06-18 13:26:49.645801,1571,1,Healthy Idle
USER_0642,2026-06-14 13:26:49.645823,404,5,Healthy Idle
USER_0643,2026-06-04 13:26:49.645853,1620,15,At-Risk
USER_0644,2026-06-11 13:26:49.645890,681,8,Healthy Idle
USER_0645,2026-06-19 13:26:49.645954,1490,0,Healthy Idle
USER_0646,2026-06-16 13:26:49.645966,624,3,Healthy Idle
USER_0647,2026-06-07 13:26:49.646046,2351,12,Healthy Idle
USER_0648,2026-04-02 13:26:49.646092,145,78,High-Risk Stagnant
USER_0649,2026-06-13 13:26:49.646149,1881,6,Healthy Idle
USER_0650,2026-06-11 13:26:49.646204,2646,8,Healthy Idle
USER_0651,2026-05-27 13:26:49.646302,1794,23,At-Risk
USER_0652,2026-05-29 13:26:49.646369,1535,21,At-Risk
USER_0653,2026-06-06 13:26:49.646426,763,13,Healthy Idle
USER_0654,2026-06-19 13:26:49.646494,2294,0,Healthy Idle
USER_0655,2026-04-30 13:26:49.646524,384,50,High-Risk Stagnant
USER_0656,2026-05-11 13:26:49.646554,667,39,High-Risk Stagnant
USER_0657,2026-06-13 13:26:49.646610,2289,6,Healthy Idle
USER_0658,2026-06-18 13:26:49.646677,617,1,Healthy Idle
USER_0659,2026-06-14 13:26:49.646750,1295,5,Healthy Idle
USER_0660,2026-05-28 13:26:49.646762,22,22,At-Risk
USER_0661,2026-05-24 13:26:49.646801,1718,26,At-Risk
USER_0662,2026-06-19 13:26:49.646981,1496,0,Healthy Idle
USER_0663,2026-06-14 13:26:49.646993,624,5,Healthy Idle
USER_0664,2026-05-09 13:26:49.647057,1325,41,High-Risk Stagnant
USER_0665,2026-05-23 13:26:49.647129,1648,27,At-Risk
USER_0666,2026-06-07 13:26:49.647178,1833,12,Healthy Idle
USER_0667,2026-06-03 13:26:49.647270,1092,16,At-Risk
USER_0668,2026-06-11 13:26:49.647299,3100,8,Healthy Idle
USER_0669,2026-06-02 13:26:49.647381,41,17,At-Risk
USER_0670,2026-06-06 13:26:49.647410,807,13,Healthy Idle
USER_0671,2026-06-11 13:26:49.647448,867,8,Healthy Idle
USER_0672,2026-06-01 13:26:49.647470,1033,18,At-Risk
USER_0673,2026-06-17 13:26:49.647517,1472,2,Healthy Idle
USER_0674,2026-05-25 13:26:49.647572,715,25,At-Risk
USER_0675,2026-06-13 13:26:49.647597,1116,6,Healthy Idle
USER_0676,2026-05-02 13:26:49.647636,24,48,High-Risk Stagnant
USER_0677,2026-06-14 13:26:49.647674,2404,5,Healthy Idle
USER_0678,2026-06-18 13:26:49.647776,2341,1,Healthy Idle
USER_0679,2026-06-18 13:26:49.647885,1604,1,Healthy Idle
USER_0680,2026-06-17 13:26:49.647906,621,2,Healthy Idle
USER_0681,2026-06-14 13:26:49.647950,858,5,Healthy Idle
USER_0682,2026-06-14 13:26:49.648015,1200,5,Healthy Idle
USER_0683,2026-06-09 13:26:49.648044,752,10,Healthy Idle
USER_0684,2026-06-05 13:26:49.648086,962,14,Healthy Idle
USER_0685,2026-06-10 13:26:49.648219,1828,9,Healthy Idle
USER_0686,2026-06-03 13:26:49.648231,450,16,At-Risk
USER_0687,2026-06-19 13:26:49.648243,1045,0,Healthy Idle
USER_0688,2026-06-18 13:26:49.648349,2340,1,Healthy Idle
USER_0689,2026-06-12 13:26:49.648400,2528,7,Healthy Idle
USER_0690,2026-05-12 13:26:49.648458,361,38,High-Risk Stagnant
USER_0691,2026-06-11 13:26:49.648479,1631,8,Healthy Idle
USER_0692,2026-06-03 13:26:49.648543,1847,16,At-Risk
USER_0693,2026-05-09 13:26:49.648643,1461,41,High-Risk Stagnant
USER_0694,2026-05-25 13:26:49.648684,2121,25,At-Risk
USER_0695,2026-06-02 13:26:49.648748,402,17,At-Risk
USER_0696,2026-04-30 13:26:49.648777,659,50,High-Risk Stagnant
USER_0697,2026-06-02 13:26:49.648789,1317,17,At-Risk
USER_0698,2026-05-15 13:26:49.648855,377,35,High-Risk Stagnant
USER_0699,2026-06-01 13:26:49.648893,2023,18,At-Risk
USER_0700,2026-06-15 13:26:49.648956,1056,4,Healthy Idle
USER_0701,2026-04-23 13:26:49.648997,737,57,High-Risk Stagnant
USER_0702,2026-04-04 13:26:49.649017,943,76,High-Risk Stagnant
USER_0703,2026-06-13 13:26:49.649038,368,6,Healthy Idle
USER_0704,2026-06-07 13:26:49.649087,1696,12,Healthy Idle
USER_0705,2026-06-13 13:26:49.649133,400,6,Healthy Idle
USER_0706,2026-06-05 13:26:49.649145,823,14,Healthy Idle
USER_0707,2026-06-04 13:26:49.649217,3070,15,At-Risk
USER_0708,2026-06-11 13:26:49.649285,2240,8,Healthy Idle
USER_0709,2026-06-05 13:26:49.649419,1574,14,Healthy Idle
USER_0710,2026-06-16 13:26:49.649449,1532,3,Healthy Idle
USER_0711,2026-06-02 13:26:49.649506,1434,17,At-Risk
USER_0712,2026-06-19 13:26:49.649574,2524,0,Healthy Idle
USER_0713,2026-04-22 13:26:49.649646,456,58,High-Risk Stagnant
USER_0714,2026-06-18 13:26:49.649667,859,1,Healthy Idle
USER_0715,2026-05-24 13:26:49.649756,2035,26,At-Risk
USER_0716,2026-05-02 13:26:49.649786,869,48,High-Risk Stagnant
USER_0717,2026-05-23 13:26:49.649849,1902,27,At-Risk
USER_0718,2026-06-01 13:26:49.649887,745,18,At-Risk
USER_0719,2026-05-15 13:26:49.649908,416,35,High-Risk Stagnant
USER_0720,2026-05-07 13:26:49.649937,173,43,High-Risk Stagnant
USER_0721,2026-06-10 13:26:49.649966,533,9,Healthy Idle
USER_0722,2026-06-12 13:26:49.650023,2197,7,Healthy Idle
USER_0723,2026-06-07 13:26:49.650123,2737,12,Healthy Idle
USER_0724,2026-06-19 13:26:49.650173,1903,0,Healthy Idle
USER_0725,2026-06-17 13:26:49.650282,1684,2,Healthy Idle
USER_0726,2026-06-01 13:26:49.650380,2612,18,At-Risk
USER_0727,2026-06-13 13:26:49.650392,1416,6,Healthy Idle
USER_0728,2026-06-16 13:26:49.650498,1493,3,Healthy Idle
USER_0729,2026-06-08 13:26:49.650579,2150,11,Healthy Idle
USER_0730,2026-05-21 13:26:49.650591,343,29,At-Risk
USER_0731,2026-06-19 13:26:49.650611,793,0,Healthy Idle
USER_0732,2026-06-19 13:26:49.650692,1875,0,Healthy Idle
USER_0733,2026-06-02 13:26:49.650739,2157,17,At-Risk
USER_0734,2026-06-02 13:26:49.650788,456,17,At-Risk
USER_0735,2026-06-06 13:26:49.650835,2469,13,Healthy Idle
USER_0736,2026-05-20 13:26:49.650890,427,30,At-Risk
USER_0737,2026-06-19 13:26:49.650929,1122,0,Healthy Idle
USER_0738,2026-06-15 13:26:49.650953,2768,4,Healthy Idle
USER_0739,2026-05-17 13:26:49.651026,891,33,High-Risk Stagnant
USER_0740,2026-05-07 13:26:49.651058,595,43,High-Risk Stagnant
USER_0741,2026-06-17 13:26:49.651087,663,2,Healthy Idle
USER_0742,2026-06-13 13:26:49.651125,1026,6,Healthy Idle
USER_0743,2026-06-16 13:26:49.651206,1998,3,Healthy Idle
USER_0744,2026-05-11 13:26:49.651236,821,39,High-Risk Stagnant
USER_0745,2026-06-18 13:26:49.651321,2344,1,Healthy Idle
USER_0746,2026-05-29 13:26:49.651356,1468,21,At-Risk
USER_0747,2026-06-08 13:26:49.651388,739,11,Healthy Idle
USER_0748,2026-06-08 13:26:49.651435,1346,11,Healthy Idle
USER_0749,2026-06-17 13:26:49.651473,973,2,Healthy Idle
USER_0750,2026-05-17 13:26:49.651511,1732,33,High-Risk Stagnant
USER_0751,2026-05-26 13:26:49.651583,1121,24,At-Risk
USER_0752,2026-05-06 13:26:49.651604,394,44,High-Risk Stagnant
USER_0753,2026-06-18 13:26:49.651633,971,1,Healthy Idle
USER_0754,2026-04-29 13:26:49.651671,288,51,High-Risk Stagnant
USER_0755,2026-06-15 13:26:49.651683,1733,4,Healthy Idle
USER_0756,2026-06-04 13:26:49.651749,533,15,At-Risk
USER_0757,2026-06-07 13:26:49.651779,1184,12,Healthy Idle
USER_0758,2026-06-13 13:26:49.651843,1514,6,Healthy Idle
USER_0759,2026-06-01 13:26:49.651892,1344,18,At-Risk
USER_0760,2026-06-17 13:26:49.651923,1151,2,Healthy Idle
USER_0761,2026-05-30 13:26:49.651964,38,20,At-Risk
USER_0762,2026-05-23 13:26:49.652021,1351,27,At-Risk
USER_0763,2026-05-26 13:26:49.652034,42,24,At-Risk
USER_0764,2026-06-18 13:26:49.652089,1847,1,Healthy Idle
USER_0765,2026-06-10 13:26:49.652109,1619,9,Healthy Idle
USER_0766,2026-06-17 13:26:49.652233,2959,2,Healthy Idle
USER_0767,2026-06-12 13:26:49.652307,1958,7,Healthy Idle
USER_0768,2026-05-31 13:26:49.652355,1368,19,At-Risk
USER_0769,2026-06-11 13:26:49.652376,2365,8,Healthy Idle
USER_0770,2026-05-20 13:26:49.652458,1528,30,At-Risk
USER_0771,2026-06-15 13:26:49.652522,1240,4,Healthy Idle
USER_0772,2026-04-29 13:26:49.652599,1177,51,High-Risk Stagnant
USER_0773,2026-06-19 13:26:49.652708,1352,0,Healthy Idle
USER_0774,2026-06-17 13:26:49.652720,1335,2,Healthy Idle
USER_0775,2026-06-09 13:26:49.652836,2866,10,Healthy Idle
USER_0776,2026-06-07 13:26:49.652867,2944,12,Healthy Idle
USER_0777,2026-05-03 13:26:49.652940,78,47,High-Risk Stagnant
USER_0778,2026-06-16 13:26:49.652961,690,3,Healthy Idle
USER_0779,2026-05-23 13:26:49.652982,619,27,At-Risk
USER_0780,2026-04-21 13:26:49.652994,55,59,High-Risk Stagnant
USER_0781,2026-05-21 13:26:49.653006,826,29,At-Risk
USER_0782,2026-05-15 13:26:49.653088,2248,35,High-Risk Stagnant
USER_0783,2026-06-03 13:26:49.653170,888,16,At-Risk
USER_0784,2026-06-18 13:26:49.653202,769,1,Healthy Idle
USER_0785,2026-04-23 13:26:49.653214,358,57,High-Risk Stagnant
USER_0786,2026-06-18 13:26:49.653235,2600,1,Healthy Idle
USER_0787,2026-04-12 13:26:49.653317,300,68,High-Risk Stagnant
USER_0788,2026-06-16 13:26:49.653415,2869,3,Healthy Idle
USER_0789,2026-05-07 13:26:49.653436,662,43,High-Risk Stagnant
USER_0790,2026-05-06 13:26:49.653465,823,44,High-Risk Stagnant
USER_0791,2026-05-31 13:26:49.653488,311,19,At-Risk
USER_0792,2026-06-15 13:26:49.653544,2834,4,Healthy Idle
USER_0793,2026-06-17 13:26:49.653600,614,2,Healthy Idle
USER_0794,2026-06-11 13:26:49.653681,2015,8,Healthy Idle
USER_0795,2026-05-10 13:26:49.653693,1048,40,High-Risk Stagnant
USER_0796,2026-06-07 13:26:49.653796,1674,12,Healthy Idle
USER_0797,2026-05-09 13:26:49.653843,948,41,High-Risk Stagnant
USER_0798,2026-05-31 13:26:49.653933,2012,19,At-Risk
USER_0799,2026-05-25 13:26:49.653989,1331,25,At-Risk
USER_0800,2026-05-22 13:26:49.654010,503,28,At-Risk
USER_0801,2026-03-29 13:26:49.654031,228,82,High-Risk Stagnant
USER_0802,2026-06-13 13:26:49.654052,374,6,Healthy Idle
USER_0803,2026-06-07 13:26:49.654099,1287,12,Healthy Idle
USER_0804,2026-06-04 13:26:49.654137,1942,15,At-Risk
USER_0805,2026-06-14 13:26:49.654184,45,5,Healthy Idle
USER_0806,2026-05-13 13:26:49.654196,250,37,High-Risk Stagnant
USER_0807,2026-06-14 13:26:49.654264,1968,5,Healthy Idle
USER_0808,2026-06-11 13:26:49.654330,1398,8,Healthy Idle
USER_0809,2026-06-17 13:26:49.654377,718,2,Healthy Idle
USER_0810,2026-06-01 13:26:49.654414,2033,18,At-Risk
USER_0811,2026-04-18 13:26:49.654472,28,62,High-Risk Stagnant
USER_0812,2026-06-08 13:26:49.654484,461,11,Healthy Idle
USER_0813,2026-06-09 13:26:49.654532,926,10,Healthy Idle
USER_0814,2026-06-05 13:26:49.654554,1010,14,Healthy Idle
USER_0815,2026-06-18 13:26:49.654603,2201,1,Healthy Idle
USER_0816,2026-06-11 13:26:49.654677,441,8,Healthy Idle
USER_0817,2026-06-17 13:26:49.654753,2342,2,Healthy Idle
USER_0818,2026-06-11 13:26:49.654792,852,8,Healthy Idle
USER_0819,2026-06-18 13:26:49.654868,859,1,Healthy Idle
USER_0820,2026-06-18 13:26:49.654889,2333,1,Healthy Idle
USER_0821,2026-06-19 13:26:49.655001,2239,0,Healthy Idle
USER_0822,2026-06-17 13:26:49.655098,1825,2,Healthy Idle
USER_0823,2026-05-18 13:26:49.655132,954,32,High-Risk Stagnant
USER_0824,2026-06-11 13:26:49.655240,2921,8,Healthy Idle
USER_0825,2026-06-16 13:26:49.655387,1161,3,Healthy Idle
USER_0826,2026-06-06 13:26:49.655455,1761,13,Healthy Idle
USER_0827,2026-06-06 13:26:49.655516,1379,13,Healthy Idle
USER_0828,2026-05-19 13:26:49.655602,188,31,High-Risk Stagnant
USER_0829,2026-06-03 13:26:49.655614,1319,16,At-Risk
USER_0830,2026-06-08 13:26:49.655705,2303,11,Healthy Idle
USER_0831,2026-06-11 13:26:49.655771,730,8,Healthy Idle
USER_0832,2026-05-04 13:26:49.655838,1120,46,High-Risk Stagnant
USER_0833,2026-06-06 13:26:49.655860,3137,13,Healthy Idle
USER_0834,2026-06-02 13:26:49.656021,2116,17,At-Risk
USER_0835,2026-03-25 13:26:49.656122,402,86,High-Risk Stagnant
USER_0836,2026-06-18 13:26:49.656169,1264,1,Healthy Idle
USER_0837,2026-05-13 13:26:49.656229,1083,37,High-Risk Stagnant
USER_0838,2026-06-12 13:26:49.656295,2751,7,Healthy Idle
USER_0839,2026-05-23 13:26:49.656398,935,27,At-Risk
USER_0840,2026-06-10 13:26:49.656420,890,9,Healthy Idle
USER_0841,2026-06-11 13:26:49.656510,1116,8,Healthy Idle
USER_0842,2026-04-09 13:26:49.656547,284,71,High-Risk Stagnant
USER_0843,2026-06-14 13:26:49.656581,279,5,Healthy Idle
USER_0844,2026-06-08 13:26:49.656603,1235,11,Healthy Idle
USER_0845,2026-05-24 13:26:49.656750,1909,26,At-Risk
USER_0846,2026-06-02 13:26:49.656866,2361,17,At-Risk
USER_0847,2026-05-28 13:26:49.656918,1917,22,At-Risk
USER_0848,2026-06-16 13:26:49.657146,2808,3,Healthy Idle
USER_0849,2026-06-16 13:26:49.657307,947,3,Healthy Idle
USER_0850,2026-05-26 13:26:49.657330,202,24,At-Risk
USER_0851,2026-06-09 13:26:49.657386,911,10,Healthy Idle
USER_0852,2026-06-11 13:26:49.657493,1486,8,Healthy Idle
USER_0853,2026-06-01 13:26:49.657697,2590,18,At-Risk
USER_0854,2026-06-10 13:26:49.657737,338,9,Healthy Idle
USER_0855,2026-06-17 13:26:49.657762,1977,2,Healthy Idle
USER_0856,2026-06-18 13:26:49.657905,714,1,Healthy Idle
USER_0857,2026-04-07 13:26:49.657929,225,73,High-Risk Stagnant
USER_0858,2026-06-14 13:26:49.657990,1913,5,Healthy Idle
USER_0859,2026-06-12 13:26:49.658083,56,7,Healthy Idle
USER_0860,2026-06-11 13:26:49.658107,3168,8,Healthy Idle
USER_0861,2026-06-12 13:26:49.658324,1274,7,Healthy Idle
USER_0862,2026-06-11 13:26:49.658417,1024,8,Healthy Idle
USER_0863,2026-06-10 13:26:49.658528,2859,9,Healthy Idle
USER_0864,2026-06-19 13:26:49.658637,1407,0,Healthy Idle
USER_0865,2026-06-13 13:26:49.658721,1674,6,Healthy Idle
USER_0866,2026-05-27 13:26:49.658921,2141,23,At-Risk
USER_0867,2026-06-18 13:26:49.658945,140,1,Healthy Idle
USER_0868,2026-05-24 13:26:49.658984,585,26,At-Risk
USER_0869,2026-06-08 13:26:49.659040,1588,11,Healthy Idle
USER_0870,2026-06-07 13:26:49.659121,1794,12,Healthy Idle
USER_0871,2026-05-12 13:26:49.659171,525,38,High-Risk Stagnant
USER_0872,2026-06-12 13:26:49.659235,1990,7,Healthy Idle
USER_0873,2026-04-01 13:26:49.659266,18,79,High-Risk Stagnant
USER_0874,2026-06-12 13:26:49.659278,2494,7,Healthy Idle
USER_0875,2026-06-14 13:26:49.659360,2353,5,Healthy Idle
USER_0876,2026-06-15 13:26:49.659481,1758,4,Healthy Idle
USER_0877,2026-05-31 13:26:49.659520,1007,19,At-Risk
USER_0878,2026-05-18 13:26:49.659558,1664,32,High-Risk Stagnant
USER_0879,2026-06-17 13:26:49.659635,2219,2,Healthy Idle
USER_0880,2026-04-18 13:26:49.659734,470,62,High-Risk Stagnant
USER_0881,2026-06-09 13:26:49.659759,2449,10,Healthy Idle
USER_0882,2026-06-10 13:26:49.660057,1286,9,Healthy Idle
USER_0883,2026-06-19 13:26:49.660070,1455,0,Healthy Idle
USER_0884,2026-05-28 13:26:49.660189,1259,22,At-Risk
USER_0885,2026-06-08 13:26:49.660214,289,11,Healthy Idle
USER_0886,2026-06-05 13:26:49.660252,1807,14,Healthy Idle
USER_0887,2026-06-12 13:26:49.660326,2116,7,Healthy Idle
USER_0888,2026-05-22 13:26:49.660381,1273,28,At-Risk
USER_0889,2026-06-14 13:26:49.660457,992,5,Healthy Idle
USER_0890,2026-06-09 13:26:49.660469,3543,10,Healthy Idle
USER_0891,2026-06-18 13:26:49.660561,1491,1,Healthy Idle
USER_0892,2026-06-17 13:26:49.660660,2290,2,Healthy Idle
USER_0893,2026-06-07 13:26:49.660716,288,12,Healthy Idle
USER_0894,2026-05-24 13:26:49.660737,1209,26,At-Risk
USER_0895,2026-05-23 13:26:49.660793,372,27,At-Risk
USER_0896,2026-05-11 13:26:49.660805,176,39,High-Risk Stagnant
USER_0897,2026-04-24 13:26:49.660817,1657,56,High-Risk Stagnant
USER_0898,2026-05-28 13:26:49.660873,1484,22,At-Risk
USER_0899,2026-06-08 13:26:49.661075,1805,11,Healthy Idle
USER_0900,2026-06-09 13:26:49.661096,745,10,Healthy Idle
USER_0901,2026-06-07 13:26:49.661119,897,12,Healthy Idle
USER_0902,2026-06-18 13:26:49.661167,2729,1,Healthy Idle
USER_0903,2026-06-09 13:26:49.661302,2228,10,Healthy Idle
USER_0904,2026-06-19 13:26:49.661315,678,0,Healthy Idle
USER_0905,2026-06-08 13:26:49.661362,1216,11,Healthy Idle
USER_0906,2026-05-27 13:26:49.661393,1230,23,At-Risk
USER_0907,2026-05-13 13:26:49.661467,2333,37,High-Risk Stagnant
USER_0908,2026-05-22 13:26:49.661497,647,28,At-Risk
USER_0909,2026-06-10 13:26:49.661566,1141,9,Healthy Idle
USER_0910,2026-06-19 13:26:49.661639,2161,0,Healthy Idle
USER_0911,2026-05-29 13:26:49.661790,942,21,At-Risk
USER_0912,2026-06-19 13:26:49.661900,1934,0,Healthy Idle
USER_0913,2026-04-17 13:26:49.661951,217,63,High-Risk Stagnant
USER_0914,2026-05-31 13:26:49.662039,1559,19,At-Risk
USER_0915,2026-06-16 13:26:49.662113,1949,3,Healthy Idle
USER_0916,2026-06-11 13:26:49.662281,591,8,Healthy Idle
USER_0917,2026-05-29 13:26:49.662324,857,21,At-Risk
USER_0918,2026-06-14 13:26:49.662401,1914,5,Healthy Idle
USER_0919,2026-05-25 13:26:49.662561,821,25,At-Risk
USER_0920,2026-05-23 13:26:49.662574,1011,27,At-Risk
USER_0921,2026-06-10 13:26:49.662693,570,9,Healthy Idle
USER_0922,2026-05-12 13:26:49.662753,276,38,High-Risk Stagnant
USER_0923,2026-06-05 13:26:49.662774,387,14,Healthy Idle
USER_0924,2026-06-10 13:26:49.662796,1018,9,Healthy Idle
USER_0925,2026-06-15 13:26:49.662891,1100,4,Healthy Idle
USER_0926,2026-06-07 13:26:49.662962,397,12,Healthy Idle
USER_0927,2026-06-12 13:26:49.663023,2359,7,Healthy Idle
USER_0928,2026-06-19 13:26:49.663116,2801,0,Healthy Idle
USER_0929,2026-06-18 13:26:49.663200,380,1,Healthy Idle
USER_0930,2026-06-19 13:26:49.663231,2363,0,Healthy Idle
USER_0931,2026-05-31 13:26:49.663325,1605,19,At-Risk
USER_0932,2026-06-03 13:26:49.663434,2410,16,At-Risk
USER_0933,2026-06-07 13:26:49.663584,1223,12,Healthy Idle
USER_0934,2026-05-23 13:26:49.663620,2247,27,At-Risk
USER_0935,2026-06-16 13:26:49.663744,3686,3,Healthy Idle
USER_0936,2026-06-06 13:26:49.663846,2585,13,Healthy Idle
USER_0937,2026-06-17 13:26:49.663951,2509,2,Healthy Idle
USER_0938,2026-06-12 13:26:49.664040,624,7,Healthy Idle
USER_0939,2026-04-29 13:26:49.664079,1188,51,High-Risk Stagnant
USER_0940,2026-06-06 13:26:49.664208,1816,13,Healthy Idle
USER_0941,2026-06-03 13:26:49.664229,151,16,At-Risk
USER_0942,2026-05-08 13:26:49.664250,486,42,High-Risk Stagnant
USER_0943,2026-06-17 13:26:49.664262,598,2,Healthy Idle
USER_0944,2026-05-18 13:26:49.664325,1474,32,High-Risk Stagnant
USER_0945,2026-05-28 13:26:49.664351,522,22,At-Risk
USER_0946,2026-06-05 13:26:49.664375,2206,14,Healthy Idle
USER_0947,2026-06-15 13:26:49.664493,1611,4,Healthy Idle
USER_0948,2026-06-17 13:26:49.664551,1801,2,Healthy Idle
USER_0949,2026-06-17 13:26:49.664666,2611,2,Healthy Idle
USER_0950,2026-06-11 13:26:49.664712,2421,8,Healthy Idle
USER_0951,2026-06-11 13:26:49.664767,876,8,Healthy Idle
USER_0952,2026-06-10 13:26:49.664882,1236,9,Healthy Idle
USER_0953,2026-05-26 13:26:49.664912,606,24,At-Risk
USER_0954,2026-05-26 13:26:49.664924,766,24,At-Risk
USER_0955,2026-03-31 13:26:49.664971,280,80,High-Risk Stagnant
USER_0956,2026-06-19 13:26:49.665035,2493,0,Healthy Idle
USER_0957,2026-05-28 13:26:49.665135,2515,22,At-Risk
USER_0958,2026-05-19 13:26:49.665182,1444,31,High-Risk Stagnant
USER_0959,2026-06-01 13:26:49.665194,161,18,At-Risk
USER_0960,2026-06-05 13:26:49.665217,1288,14,Healthy Idle
USER_0961,2026-05-31 13:26:49.665334,2095,19,At-Risk
USER_0962,2026-06-11 13:26:49.665432,2941,8,Healthy Idle
USER_0963,2026-05-29 13:26:49.665487,2089,21,At-Risk
USER_0964,2026-06-11 13:26:49.665560,1920,8,Healthy Idle
USER_0965,2026-06-17 13:26:49.665581,2882,2,Healthy Idle
USER_0966,2026-04-17 13:26:49.665698,224,63,High-Risk Stagnant
USER_0967,2026-05-13 13:26:49.665739,1080,37,High-Risk Stagnant
USER_0968,2026-06-07 13:26:49.665795,1465,12,Healthy Idle
USER_0969,2026-06-18 13:26:49.665903,2285,1,Healthy Idle
USER_0970,2026-06-19 13:26:49.665949,1749,0,Healthy Idle
USER_0971,2026-06-10 13:26:49.666014,1745,9,Healthy Idle
USER_0972,2026-06-03 13:26:49.666123,1808,16,At-Risk
USER_0973,2026-06-16 13:26:49.666186,2157,3,Healthy Idle
USER_0974,2026-06-17 13:26:49.666250,2553,2,Healthy Idle
USER_0975,2026-06-19 13:26:49.666359,1605,0,Healthy Idle
USER_0976,2026-05-15 13:26:49.666397,55,35,High-Risk Stagnant
USER_0977,2026-06-19 13:26:49.666434,1870,0,Healthy Idle
USER_0978,2026-05-19 13:26:49.666506,1514,31,High-Risk Stagnant
USER_0979,2026-05-21 13:26:49.666543,404,29,At-Risk
USER_0980,2026-04-16 13:26:49.666556,238,64,High-Risk Stagnant
USER_0981,2026-05-13 13:26:49.666568,24,37,High-Risk Stagnant
USER_0982,2026-06-08 13:26:49.666640,2729,11,Healthy Idle
USER_0983,2026-06-19 13:26:49.666669,1900,0,Healthy Idle
USER_0984,2026-05-08 13:26:49.666758,814,42,High-Risk Stagnant
USER_0985,2026-06-05 13:26:49.666797,1076,14,Healthy Idle
USER_0986,2026-06-03 13:26:49.666869,1439,16,At-Risk
USER_0987,2026-05-24 13:26:49.666890,303,26,At-Risk
USER_0988,2026-06-13 13:26:49.666951,2109,6,Healthy Idle
USER_0989,2026-06-03 13:26:49.667006,1667,16,At-Risk
USER_0990,2026-06-01 13:26:49.667081,880,18,At-Risk
USER_0991,2026-06-11 13:26:49.667170,2880,8,Healthy Idle
USER_0992,2026-05-09 13:26:49.667200,630,41,High-Risk Stagnant
USER_0993,2026-06-13 13:26:49.667246,2863,6,Healthy Idle
USER_0994,2026-05-01 13:26:49.667292,271,49,High-Risk Stagnant
USER_0995,2026-04-03 13:26:49.667313,79,77,High-Risk Stagnant
USER_0996,2026-06-13 13:26:49.667325,383,6,Healthy Idle
USER_0997,2026-05-02 13:26:49.667364,1193,48,High-Risk Stagnant
USER_0998,2026-06-17 13:26:49.667410,1498,2,Healthy Idle
USER_0999,2026-05-30 13:26:49.667474,817,20,At-Risk
